ISO-10303-21;
HEADER;
FILE_DESCRIPTION(('FreeCAD Model'),'2;1');
FILE_NAME('Open CASCADE Shape Model','2026-09-18T12:23:13',('FreeCAD'),(
    'FreeCAD'),'Open CASCADE STEP processor 7.8','FreeCAD','Unknown');
FILE_SCHEMA(('AUTOMOTIVE_DESIGN { 1 0 10303 214 1 1 1 1 }'));
ENDSEC;
DATA;
#1 = APPLICATION_PROTOCOL_DEFINITION('international standard',
  'automotive_design',2000,#2);
#2 = APPLICATION_CONTEXT(
  'core data for automotive mechanical design processes');
#3 = SHAPE_DEFINITION_REPRESENTATION(#4,#10);
#4 = PRODUCT_DEFINITION_SHAPE('','',#5);
#5 = PRODUCT_DEFINITION('design','',#6,#9);
#6 = PRODUCT_DEFINITION_FORMATION('','',#7);
#7 = PRODUCT('Open CASCADE STEP translator 7.8 8',
  'Open CASCADE STEP translator 7.8 8','',(#8));
#8 = PRODUCT_CONTEXT('',#2,'mechanical');
#9 = PRODUCT_DEFINITION_CONTEXT('part definition',#2,'design');
#10 = ADVANCED_BREP_SHAPE_REPRESENTATION('',(#11,#15),#2399);
#11 = AXIS2_PLACEMENT_3D('',#12,#13,#14);
#12 = CARTESIAN_POINT('',(0.,0.,0.));
#13 = DIRECTION('',(0.,0.,1.));
#14 = DIRECTION('',(1.,0.,-0.));
#15 = MANIFOLD_SOLID_BREP('',#16);
#16 = CLOSED_SHELL('',(#17,#97,#159,#209,#235,#248,#279,#334,#466,#498,
    #622,#673,#715,#732,#757,#789,#895,#920,#1018,#1035,#1081,#1136,
    #1216,#1266,#1326,#1352,#1365,#1389,#1435,#1452,#1469,#1486,#1503,
    #1520,#1537,#1574,#1647,#1709,#1734,#1788,#1828,#1872,#1904,#1938,
    #1977,#2017,#2056,#2109,#2160,#2178,#2196,#2213,#2234,#2261,#2272,
    #2284,#2301,#2318,#2343,#2383));
#17 = ADVANCED_FACE('',(#18),#92,.T.);
#18 = FACE_BOUND('',#19,.T.);
#19 = EDGE_LOOP('',(#20,#31,#40,#49,#58,#67,#76,#85));
#20 = ORIENTED_EDGE('',*,*,#21,.F.);
#21 = EDGE_CURVE('',#22,#24,#26,.T.);
#22 = VERTEX_POINT('',#23);
#23 = CARTESIAN_POINT('',(31.,-19.93150456565,-1.751420371596));
#24 = VERTEX_POINT('',#25);
#25 = CARTESIAN_POINT('',(31.,-19.73937238837,-3.234610984186));
#26 = CIRCLE('',#27,18.);
#27 = AXIS2_PLACEMENT_3D('',#28,#29,#30);
#28 = CARTESIAN_POINT('',(31.,-2.,-0.182617002139));
#29 = DIRECTION('',(1.,0.,-0.));
#30 = DIRECTION('',(0.,0.,1.));
#31 = ORIENTED_EDGE('',*,*,#32,.F.);
#32 = EDGE_CURVE('',#33,#22,#35,.T.);
#33 = VERTEX_POINT('',#34);
#34 = CARTESIAN_POINT('',(13.063088953196,-3.5,-0.313849997427));
#35 = CIRCLE('',#36,18.);
#36 = AXIS2_PLACEMENT_3D('',#37,#38,#39);
#37 = CARTESIAN_POINT('',(31.,-2.,-0.182617002139));
#38 = DIRECTION('',(0.,-8.715574274766E-02,0.996194698092));
#39 = DIRECTION('',(0.,-0.996194698092,-8.715574274766E-02));
#40 = ORIENTED_EDGE('',*,*,#41,.F.);
#41 = EDGE_CURVE('',#42,#33,#44,.T.);
#42 = VERTEX_POINT('',#43);
#43 = CARTESIAN_POINT('',(13.,-2.,-0.182617002139));
#44 = CIRCLE('',#45,18.);
#45 = AXIS2_PLACEMENT_3D('',#46,#47,#48);
#46 = CARTESIAN_POINT('',(31.,-2.,-0.182617002139));
#47 = DIRECTION('',(0.,-8.715574274766E-02,0.996194698092));
#48 = DIRECTION('',(0.,-0.996194698092,-8.715574274766E-02));
#49 = ORIENTED_EDGE('',*,*,#50,.F.);
#50 = EDGE_CURVE('',#51,#42,#53,.T.);
#51 = VERTEX_POINT('',#52);
#52 = CARTESIAN_POINT('',(13.062608885348,-2.,-1.682617002138));
#53 = CIRCLE('',#54,18.);
#54 = AXIS2_PLACEMENT_3D('',#55,#56,#57);
#55 = CARTESIAN_POINT('',(31.,-2.,-0.182617002139));
#56 = DIRECTION('',(0.,1.,0.));
#57 = DIRECTION('',(0.,0.,1.));
#58 = ORIENTED_EDGE('',*,*,#59,.F.);
#59 = EDGE_CURVE('',#60,#51,#62,.T.);
#60 = VERTEX_POINT('',#61);
#61 = CARTESIAN_POINT('',(15.,-2.,-8.428828253374));
#62 = CIRCLE('',#63,18.);
#63 = AXIS2_PLACEMENT_3D('',#64,#65,#66);
#64 = CARTESIAN_POINT('',(31.,-2.,-0.182617002139));
#65 = DIRECTION('',(0.,1.,0.));
#66 = DIRECTION('',(0.,0.,1.));
#67 = ORIENTED_EDGE('',*,*,#68,.F.);
#68 = EDGE_CURVE('',#69,#60,#71,.T.);
#69 = VERTEX_POINT('',#70);
#70 = CARTESIAN_POINT('',(15.,-3.5,-8.291254372252));
#71 = CIRCLE('',#72,8.246211251235);
#72 = AXIS2_PLACEMENT_3D('',#73,#74,#75);
#73 = CARTESIAN_POINT('',(15.,-2.,-0.182617002139));
#74 = DIRECTION('',(1.,0.,-0.));
#75 = DIRECTION('',(0.,0.,1.));
#76 = ORIENTED_EDGE('',*,*,#77,.T.);
#77 = EDGE_CURVE('',#69,#78,#80,.T.);
#78 = VERTEX_POINT('',#79);
#79 = CARTESIAN_POINT('',(13.136935343702,-3.5,-1.813849997427));
#80 = CIRCLE('',#81,17.937391114652);
#81 = AXIS2_PLACEMENT_3D('',#82,#83,#84);
#82 = CARTESIAN_POINT('',(31.,-3.5,-0.182617002139));
#83 = DIRECTION('',(0.,1.,0.));
#84 = DIRECTION('',(0.,0.,1.));
#85 = ORIENTED_EDGE('',*,*,#86,.T.);
#86 = EDGE_CURVE('',#78,#24,#87,.T.);
#87 = CIRCLE('',#88,17.937867523144);
#88 = AXIS2_PLACEMENT_3D('',#89,#90,#91);
#89 = CARTESIAN_POINT('',(31.,-1.86976386675,-1.671222816898));
#90 = DIRECTION('',(0.,-8.715574274766E-02,0.996194698092));
#91 = DIRECTION('',(0.,-0.996194698092,-8.715574274766E-02));
#92 = SPHERICAL_SURFACE('',#93,18.);
#93 = AXIS2_PLACEMENT_3D('',#94,#95,#96);
#94 = CARTESIAN_POINT('',(31.,-2.,-0.182617002139));
#95 = DIRECTION('',(0.,0.,1.));
#96 = DIRECTION('',(1.,0.,0.));
#97 = ADVANCED_FACE('',(#98),#154,.T.);
#98 = FACE_BOUND('',#99,.T.);
#99 = EDGE_LOOP('',(#100,#109,#110,#111,#120,#129,#138,#147));
#100 = ORIENTED_EDGE('',*,*,#101,.F.);
#101 = EDGE_CURVE('',#24,#102,#104,.T.);
#102 = VERTEX_POINT('',#103);
#103 = CARTESIAN_POINT('',(31.,-3.5,-18.12000811679));
#104 = CIRCLE('',#105,18.);
#105 = AXIS2_PLACEMENT_3D('',#106,#107,#108);
#106 = CARTESIAN_POINT('',(31.,-2.,-0.182617002139));
#107 = DIRECTION('',(1.,0.,-0.));
#108 = DIRECTION('',(0.,0.,1.));
#109 = ORIENTED_EDGE('',*,*,#86,.F.);
#110 = ORIENTED_EDGE('',*,*,#77,.F.);
#111 = ORIENTED_EDGE('',*,*,#112,.F.);
#112 = EDGE_CURVE('',#113,#69,#115,.T.);
#113 = VERTEX_POINT('',#114);
#114 = CARTESIAN_POINT('',(15.,-4.624599600843,-8.));
#115 = CIRCLE('',#116,8.246211251235);
#116 = AXIS2_PLACEMENT_3D('',#117,#118,#119);
#117 = CARTESIAN_POINT('',(15.,-2.,-0.182617002139));
#118 = DIRECTION('',(1.,0.,-0.));
#119 = DIRECTION('',(0.,0.,1.));
#120 = ORIENTED_EDGE('',*,*,#121,.T.);
#121 = EDGE_CURVE('',#113,#122,#124,.T.);
#122 = VERTEX_POINT('',#123);
#123 = CARTESIAN_POINT('',(25.,-17.06281922698,-8.));
#124 = CIRCLE('',#125,16.213837394792);
#125 = AXIS2_PLACEMENT_3D('',#126,#127,#128);
#126 = CARTESIAN_POINT('',(31.,-2.,-8.));
#127 = DIRECTION('',(0.,0.,1.));
#128 = DIRECTION('',(1.,0.,0.));
#129 = ORIENTED_EDGE('',*,*,#130,.T.);
#130 = EDGE_CURVE('',#122,#131,#133,.T.);
#131 = VERTEX_POINT('',#132);
#132 = CARTESIAN_POINT('',(25.,-11.8529146495,-14.));
#133 = CIRCLE('',#134,16.970562748477);
#134 = AXIS2_PLACEMENT_3D('',#135,#136,#137);
#135 = CARTESIAN_POINT('',(25.,-2.,-0.182617002139));
#136 = DIRECTION('',(1.,0.,-0.));
#137 = DIRECTION('',(0.,0.,1.));
#138 = ORIENTED_EDGE('',*,*,#139,.F.);
#139 = EDGE_CURVE('',#140,#131,#142,.T.);
#140 = VERTEX_POINT('',#141);
#141 = CARTESIAN_POINT('',(19.561908940282,-3.5,-14.));
#142 = CIRCLE('',#143,11.536027353054);
#143 = AXIS2_PLACEMENT_3D('',#144,#145,#146);
#144 = CARTESIAN_POINT('',(31.,-2.,-14.));
#145 = DIRECTION('',(0.,0.,1.));
#146 = DIRECTION('',(1.,0.,0.));
#147 = ORIENTED_EDGE('',*,*,#148,.F.);
#148 = EDGE_CURVE('',#102,#140,#149,.T.);
#149 = CIRCLE('',#150,17.937391114652);
#150 = AXIS2_PLACEMENT_3D('',#151,#152,#153);
#151 = CARTESIAN_POINT('',(31.,-3.5,-0.182617002139));
#152 = DIRECTION('',(0.,1.,0.));
#153 = DIRECTION('',(0.,0.,1.));
#154 = SPHERICAL_SURFACE('',#155,18.);
#155 = AXIS2_PLACEMENT_3D('',#156,#157,#158);
#156 = CARTESIAN_POINT('',(31.,-2.,-0.182617002139));
#157 = DIRECTION('',(0.,0.,1.));
#158 = DIRECTION('',(1.,0.,0.));
#159 = ADVANCED_FACE('',(#160),#204,.T.);
#160 = FACE_BOUND('',#161,.T.);
#161 = EDGE_LOOP('',(#162,#171,#178,#179,#188,#197));
#162 = ORIENTED_EDGE('',*,*,#163,.T.);
#163 = EDGE_CURVE('',#164,#140,#166,.T.);
#164 = VERTEX_POINT('',#165);
#165 = CARTESIAN_POINT('',(19.463972646946,-2.,-14.));
#166 = CIRCLE('',#167,11.536027353054);
#167 = AXIS2_PLACEMENT_3D('',#168,#169,#170);
#168 = CARTESIAN_POINT('',(31.,-2.,-14.));
#169 = DIRECTION('',(0.,0.,1.));
#170 = DIRECTION('',(1.,0.,0.));
#171 = ORIENTED_EDGE('',*,*,#172,.T.);
#172 = EDGE_CURVE('',#140,#69,#173,.T.);
#173 = CIRCLE('',#174,17.937391114652);
#174 = AXIS2_PLACEMENT_3D('',#175,#176,#177);
#175 = CARTESIAN_POINT('',(31.,-3.5,-0.182617002139));
#176 = DIRECTION('',(0.,1.,0.));
#177 = DIRECTION('',(0.,0.,1.));
#178 = ORIENTED_EDGE('',*,*,#68,.T.);
#179 = ORIENTED_EDGE('',*,*,#180,.F.);
#180 = EDGE_CURVE('',#181,#60,#183,.T.);
#181 = VERTEX_POINT('',#182);
#182 = CARTESIAN_POINT('',(15.721930067184,-2.,-9.7));
#183 = CIRCLE('',#184,18.);
#184 = AXIS2_PLACEMENT_3D('',#185,#186,#187);
#185 = CARTESIAN_POINT('',(31.,-2.,-0.182617002139));
#186 = DIRECTION('',(0.,1.,0.));
#187 = DIRECTION('',(0.,0.,1.));
#188 = ORIENTED_EDGE('',*,*,#189,.F.);
#189 = EDGE_CURVE('',#190,#181,#192,.T.);
#190 = VERTEX_POINT('',#191);
#191 = CARTESIAN_POINT('',(17.689514310773,-2.,-12.3));
#192 = CIRCLE('',#193,18.);
#193 = AXIS2_PLACEMENT_3D('',#194,#195,#196);
#194 = CARTESIAN_POINT('',(31.,-2.,-0.182617002139));
#195 = DIRECTION('',(0.,1.,0.));
#196 = DIRECTION('',(0.,0.,1.));
#197 = ORIENTED_EDGE('',*,*,#198,.F.);
#198 = EDGE_CURVE('',#164,#190,#199,.T.);
#199 = CIRCLE('',#200,18.);
#200 = AXIS2_PLACEMENT_3D('',#201,#202,#203);
#201 = CARTESIAN_POINT('',(31.,-2.,-0.182617002139));
#202 = DIRECTION('',(0.,1.,0.));
#203 = DIRECTION('',(0.,0.,1.));
#204 = SPHERICAL_SURFACE('',#205,18.);
#205 = AXIS2_PLACEMENT_3D('',#206,#207,#208);
#206 = CARTESIAN_POINT('',(31.,-2.,-0.182617002139));
#207 = DIRECTION('',(0.,0.,1.));
#208 = DIRECTION('',(1.,0.,0.));
#209 = ADVANCED_FACE('',(#210),#230,.T.);
#210 = FACE_BOUND('',#211,.T.);
#211 = EDGE_LOOP('',(#212,#221,#222,#223));
#212 = ORIENTED_EDGE('',*,*,#213,.F.);
#213 = EDGE_CURVE('',#102,#214,#216,.T.);
#214 = VERTEX_POINT('',#215);
#215 = CARTESIAN_POINT('',(31.,-2.,-18.18261700213));
#216 = CIRCLE('',#217,18.);
#217 = AXIS2_PLACEMENT_3D('',#218,#219,#220);
#218 = CARTESIAN_POINT('',(31.,-2.,-0.182617002139));
#219 = DIRECTION('',(1.,0.,-0.));
#220 = DIRECTION('',(0.,0.,1.));
#221 = ORIENTED_EDGE('',*,*,#148,.T.);
#222 = ORIENTED_EDGE('',*,*,#163,.F.);
#223 = ORIENTED_EDGE('',*,*,#224,.F.);
#224 = EDGE_CURVE('',#214,#164,#225,.T.);
#225 = CIRCLE('',#226,18.);
#226 = AXIS2_PLACEMENT_3D('',#227,#228,#229);
#227 = CARTESIAN_POINT('',(31.,-2.,-0.182617002139));
#228 = DIRECTION('',(0.,1.,0.));
#229 = DIRECTION('',(0.,0.,1.));
#230 = SPHERICAL_SURFACE('',#231,18.);
#231 = AXIS2_PLACEMENT_3D('',#232,#233,#234);
#232 = CARTESIAN_POINT('',(31.,-2.,-0.182617002139));
#233 = DIRECTION('',(0.,0.,1.));
#234 = DIRECTION('',(1.,0.,0.));
#235 = ADVANCED_FACE('',(#236),#243,.T.);
#236 = FACE_BOUND('',#237,.T.);
#237 = EDGE_LOOP('',(#238,#239,#240,#241,#242));
#238 = ORIENTED_EDGE('',*,*,#172,.F.);
#239 = ORIENTED_EDGE('',*,*,#139,.T.);
#240 = ORIENTED_EDGE('',*,*,#130,.F.);
#241 = ORIENTED_EDGE('',*,*,#121,.F.);
#242 = ORIENTED_EDGE('',*,*,#112,.T.);
#243 = SPHERICAL_SURFACE('',#244,18.);
#244 = AXIS2_PLACEMENT_3D('',#245,#246,#247);
#245 = CARTESIAN_POINT('',(31.,-2.,-0.182617002139));
#246 = DIRECTION('',(0.,0.,1.));
#247 = DIRECTION('',(1.,0.,0.));
#248 = ADVANCED_FACE('',(#249),#274,.F.);
#249 = FACE_BOUND('',#250,.F.);
#250 = EDGE_LOOP('',(#251,#261,#267,#268));
#251 = ORIENTED_EDGE('',*,*,#252,.F.);
#252 = EDGE_CURVE('',#253,#255,#257,.T.);
#253 = VERTEX_POINT('',#254);
#254 = CARTESIAN_POINT('',(15.1,-2.,-9.7));
#255 = VERTEX_POINT('',#256);
#256 = CARTESIAN_POINT('',(15.1,-2.,-12.3));
#257 = LINE('',#258,#259);
#258 = CARTESIAN_POINT('',(15.1,-2.,-9.7));
#259 = VECTOR('',#260,1.);
#260 = DIRECTION('',(0.,0.,-1.));
#261 = ORIENTED_EDGE('',*,*,#262,.T.);
#262 = EDGE_CURVE('',#253,#181,#263,.T.);
#263 = LINE('',#264,#265);
#264 = CARTESIAN_POINT('',(15.1,-2.,-9.7));
#265 = VECTOR('',#266,1.);
#266 = DIRECTION('',(1.,0.,0.));
#267 = ORIENTED_EDGE('',*,*,#189,.F.);
#268 = ORIENTED_EDGE('',*,*,#269,.F.);
#269 = EDGE_CURVE('',#255,#190,#270,.T.);
#270 = LINE('',#271,#272);
#271 = CARTESIAN_POINT('',(15.1,-2.,-12.3));
#272 = VECTOR('',#273,1.);
#273 = DIRECTION('',(1.,0.,0.));
#274 = PLANE('',#275);
#275 = AXIS2_PLACEMENT_3D('',#276,#277,#278);
#276 = CARTESIAN_POINT('',(15.1,-2.,-9.7));
#277 = DIRECTION('',(0.,1.,0.));
#278 = DIRECTION('',(0.,0.,-1.));
#279 = ADVANCED_FACE('',(#280),#329,.F.);
#280 = FACE_BOUND('',#281,.F.);
#281 = EDGE_LOOP('',(#282,#283,#291,#299,#307,#315,#323));
#282 = ORIENTED_EDGE('',*,*,#269,.T.);
#283 = ORIENTED_EDGE('',*,*,#284,.T.);
#284 = EDGE_CURVE('',#190,#285,#287,.T.);
#285 = VERTEX_POINT('',#286);
#286 = CARTESIAN_POINT('',(19.654118399915,-2.,-12.3));
#287 = LINE('',#288,#289);
#288 = CARTESIAN_POINT('',(15.1,-2.,-12.3));
#289 = VECTOR('',#290,1.);
#290 = DIRECTION('',(1.,0.,0.));
#291 = ORIENTED_EDGE('',*,*,#292,.T.);
#292 = EDGE_CURVE('',#285,#293,#295,.T.);
#293 = VERTEX_POINT('',#294);
#294 = CARTESIAN_POINT('',(21.495841474222,-2.,-12.3));
#295 = LINE('',#296,#297);
#296 = CARTESIAN_POINT('',(15.1,-2.,-12.3));
#297 = VECTOR('',#298,1.);
#298 = DIRECTION('',(1.,0.,0.));
#299 = ORIENTED_EDGE('',*,*,#300,.T.);
#300 = EDGE_CURVE('',#293,#301,#303,.T.);
#301 = VERTEX_POINT('',#302);
#302 = CARTESIAN_POINT('',(24.9,-2.,-12.3));
#303 = LINE('',#304,#305);
#304 = CARTESIAN_POINT('',(15.1,-2.,-12.3));
#305 = VECTOR('',#306,1.);
#306 = DIRECTION('',(1.,0.,0.));
#307 = ORIENTED_EDGE('',*,*,#308,.T.);
#308 = EDGE_CURVE('',#301,#309,#311,.T.);
#309 = VERTEX_POINT('',#310);
#310 = CARTESIAN_POINT('',(24.9,2.5,-12.1));
#311 = LINE('',#312,#313);
#312 = CARTESIAN_POINT('',(24.9,-2.,-12.3));
#313 = VECTOR('',#314,1.);
#314 = DIRECTION('',(0.,0.999013806466,4.440061362072E-02));
#315 = ORIENTED_EDGE('',*,*,#316,.F.);
#316 = EDGE_CURVE('',#317,#309,#319,.T.);
#317 = VERTEX_POINT('',#318);
#318 = CARTESIAN_POINT('',(15.1,2.5,-12.1));
#319 = LINE('',#320,#321);
#320 = CARTESIAN_POINT('',(15.1,2.5,-12.1));
#321 = VECTOR('',#322,1.);
#322 = DIRECTION('',(1.,0.,0.));
#323 = ORIENTED_EDGE('',*,*,#324,.F.);
#324 = EDGE_CURVE('',#255,#317,#325,.T.);
#325 = LINE('',#326,#327);
#326 = CARTESIAN_POINT('',(15.1,-2.,-12.3));
#327 = VECTOR('',#328,1.);
#328 = DIRECTION('',(0.,0.999013806466,4.440061362072E-02));
#329 = PLANE('',#330);
#330 = AXIS2_PLACEMENT_3D('',#331,#332,#333);
#331 = CARTESIAN_POINT('',(15.1,-2.,-12.3));
#332 = DIRECTION('',(0.,-4.440061362072E-02,0.999013806466));
#333 = DIRECTION('',(0.,0.999013806466,4.440061362072E-02));
#334 = ADVANCED_FACE('',(#335),#461,.F.);
#335 = FACE_BOUND('',#336,.F.);
#336 = EDGE_LOOP('',(#337,#348,#357,#366,#375,#384,#393,#402,#411,#418,
    #427,#436,#445,#454));
#337 = ORIENTED_EDGE('',*,*,#338,.F.);
#338 = EDGE_CURVE('',#339,#341,#343,.T.);
#339 = VERTEX_POINT('',#340);
#340 = CARTESIAN_POINT('',(31.,-18.53683198832,-1.62940233175));
#341 = VERTEX_POINT('',#342);
#342 = CARTESIAN_POINT('',(31.,-18.47401400109,-2.223906470002));
#343 = CIRCLE('',#344,16.6);
#344 = AXIS2_PLACEMENT_3D('',#345,#346,#347);
#345 = CARTESIAN_POINT('',(31.,-2.,-0.182617002139));
#346 = DIRECTION('',(1.,0.,-0.));
#347 = DIRECTION('',(0.,0.,1.));
#348 = ORIENTED_EDGE('',*,*,#349,.F.);
#349 = EDGE_CURVE('',#350,#339,#352,.T.);
#350 = VERTEX_POINT('',#351);
#351 = CARTESIAN_POINT('',(14.46843086997,-3.5,-0.313849997427));
#352 = CIRCLE('',#353,16.6);
#353 = AXIS2_PLACEMENT_3D('',#354,#355,#356);
#354 = CARTESIAN_POINT('',(31.,-2.,-0.182617002139));
#355 = DIRECTION('',(0.,-8.715574274766E-02,0.996194698092));
#356 = DIRECTION('',(0.,-0.996194698092,-8.715574274766E-02));
#357 = ORIENTED_EDGE('',*,*,#358,.F.);
#358 = EDGE_CURVE('',#359,#350,#361,.T.);
#359 = VERTEX_POINT('',#360);
#360 = CARTESIAN_POINT('',(14.410929969882,-2.6,-0.235110200254));
#361 = CIRCLE('',#362,16.6);
#362 = AXIS2_PLACEMENT_3D('',#363,#364,#365);
#363 = CARTESIAN_POINT('',(31.,-2.,-0.182617002139));
#364 = DIRECTION('',(0.,-8.715574274766E-02,0.996194698092));
#365 = DIRECTION('',(0.,-0.996194698092,-8.715574274766E-02));
#366 = ORIENTED_EDGE('',*,*,#367,.F.);
#367 = EDGE_CURVE('',#368,#359,#370,.T.);
#368 = VERTEX_POINT('',#369);
#369 = CARTESIAN_POINT('',(14.4,-2.,-0.182617002139));
#370 = CIRCLE('',#371,16.6);
#371 = AXIS2_PLACEMENT_3D('',#372,#373,#374);
#372 = CARTESIAN_POINT('',(31.,-2.,-0.182617002139));
#373 = DIRECTION('',(0.,-8.715574274766E-02,0.996194698092));
#374 = DIRECTION('',(0.,-0.996194698092,-8.715574274766E-02));
#375 = ORIENTED_EDGE('',*,*,#376,.F.);
#376 = EDGE_CURVE('',#377,#368,#379,.T.);
#377 = VERTEX_POINT('',#378);
#378 = CARTESIAN_POINT('',(14.410846917338,-2.,-0.782617002139));
#379 = CIRCLE('',#380,16.6);
#380 = AXIS2_PLACEMENT_3D('',#381,#382,#383);
#381 = CARTESIAN_POINT('',(31.,-2.,-0.182617002139));
#382 = DIRECTION('',(0.,1.,0.));
#383 = DIRECTION('',(0.,0.,1.));
#384 = ORIENTED_EDGE('',*,*,#385,.F.);
#385 = EDGE_CURVE('',#386,#377,#388,.T.);
#386 = VERTEX_POINT('',#387);
#387 = CARTESIAN_POINT('',(14.467909992986,-2.,-1.682617002138));
#388 = CIRCLE('',#389,16.6);
#389 = AXIS2_PLACEMENT_3D('',#390,#391,#392);
#390 = CARTESIAN_POINT('',(31.,-2.,-0.182617002139));
#391 = DIRECTION('',(0.,1.,0.));
#392 = DIRECTION('',(0.,0.,1.));
#393 = ORIENTED_EDGE('',*,*,#394,.F.);
#394 = EDGE_CURVE('',#395,#386,#397,.T.);
#395 = VERTEX_POINT('',#396);
#396 = CARTESIAN_POINT('',(16.355938983166,-2.,-8.));
#397 = CIRCLE('',#398,16.6);
#398 = AXIS2_PLACEMENT_3D('',#399,#400,#401);
#399 = CARTESIAN_POINT('',(31.,-2.,-0.182617002139));
#400 = DIRECTION('',(0.,1.,0.));
#401 = DIRECTION('',(0.,0.,1.));
#402 = ORIENTED_EDGE('',*,*,#403,.F.);
#403 = EDGE_CURVE('',#404,#395,#406,.T.);
#404 = VERTEX_POINT('',#405);
#405 = CARTESIAN_POINT('',(17.399286016094,-2.,-9.7));
#406 = CIRCLE('',#407,16.6);
#407 = AXIS2_PLACEMENT_3D('',#408,#409,#410);
#408 = CARTESIAN_POINT('',(31.,-2.,-0.182617002139));
#409 = DIRECTION('',(0.,1.,0.));
#410 = DIRECTION('',(0.,0.,1.));
#411 = ORIENTED_EDGE('',*,*,#412,.F.);
#412 = EDGE_CURVE('',#285,#404,#413,.T.);
#413 = CIRCLE('',#414,16.6);
#414 = AXIS2_PLACEMENT_3D('',#415,#416,#417);
#415 = CARTESIAN_POINT('',(31.,-2.,-0.182617002139));
#416 = DIRECTION('',(0.,1.,0.));
#417 = DIRECTION('',(0.,0.,1.));
#418 = ORIENTED_EDGE('',*,*,#419,.F.);
#419 = EDGE_CURVE('',#420,#285,#422,.T.);
#420 = VERTEX_POINT('',#421);
#421 = CARTESIAN_POINT('',(21.800003962478,-2.,-14.));
#422 = CIRCLE('',#423,16.6);
#423 = AXIS2_PLACEMENT_3D('',#424,#425,#426);
#424 = CARTESIAN_POINT('',(31.,-2.,-0.182617002139));
#425 = DIRECTION('',(0.,1.,0.));
#426 = DIRECTION('',(0.,0.,1.));
#427 = ORIENTED_EDGE('',*,*,#428,.F.);
#428 = EDGE_CURVE('',#429,#420,#431,.T.);
#429 = VERTEX_POINT('',#430);
#430 = CARTESIAN_POINT('',(31.,-2.,-16.78261700213));
#431 = CIRCLE('',#432,16.6);
#432 = AXIS2_PLACEMENT_3D('',#433,#434,#435);
#433 = CARTESIAN_POINT('',(31.,-2.,-0.182617002139));
#434 = DIRECTION('',(0.,1.,0.));
#435 = DIRECTION('',(0.,0.,1.));
#436 = ORIENTED_EDGE('',*,*,#437,.F.);
#437 = EDGE_CURVE('',#438,#429,#440,.T.);
#438 = VERTEX_POINT('',#439);
#439 = CARTESIAN_POINT('',(31.,-2.6,-16.7717700848));
#440 = CIRCLE('',#441,16.6);
#441 = AXIS2_PLACEMENT_3D('',#442,#443,#444);
#442 = CARTESIAN_POINT('',(31.,-2.,-0.182617002139));
#443 = DIRECTION('',(1.,0.,-0.));
#444 = DIRECTION('',(0.,0.,1.));
#445 = ORIENTED_EDGE('',*,*,#446,.T.);
#446 = EDGE_CURVE('',#438,#447,#449,.T.);
#447 = VERTEX_POINT('',#448);
#448 = CARTESIAN_POINT('',(14.423683985082,-2.6,-0.835110200254));
#449 = CIRCLE('',#450,16.589153082662);
#450 = AXIS2_PLACEMENT_3D('',#451,#452,#453);
#451 = CARTESIAN_POINT('',(31.,-2.6,-0.182617002139));
#452 = DIRECTION('',(0.,1.,0.));
#453 = DIRECTION('',(0.,0.,1.));
#454 = ORIENTED_EDGE('',*,*,#455,.T.);
#455 = EDGE_CURVE('',#447,#341,#456,.T.);
#456 = CIRCLE('',#457,16.589235503918);
#457 = AXIS2_PLACEMENT_3D('',#458,#459,#460);
#458 = CARTESIAN_POINT('',(31.,-1.9479055467,-0.778059328042));
#459 = DIRECTION('',(0.,-8.715574274766E-02,0.996194698092));
#460 = DIRECTION('',(0.,-0.996194698092,-8.715574274766E-02));
#461 = SPHERICAL_SURFACE('',#462,16.6);
#462 = AXIS2_PLACEMENT_3D('',#463,#464,#465);
#463 = CARTESIAN_POINT('',(31.,-2.,-0.182617002139));
#464 = DIRECTION('',(0.,0.,1.));
#465 = DIRECTION('',(1.,0.,0.));
#466 = ADVANCED_FACE('',(#467),#493,.F.);
#467 = FACE_BOUND('',#468,.F.);
#468 = EDGE_LOOP('',(#469,#477,#478,#486));
#469 = ORIENTED_EDGE('',*,*,#470,.F.);
#470 = EDGE_CURVE('',#339,#471,#473,.T.);
#471 = VERTEX_POINT('',#472);
#472 = CARTESIAN_POINT('',(69.,-18.53683198832,-1.62940233175));
#473 = LINE('',#474,#475);
#474 = CARTESIAN_POINT('',(31.,-18.53683198832,-1.62940233175));
#475 = VECTOR('',#476,1.);
#476 = DIRECTION('',(1.,0.,0.));
#477 = ORIENTED_EDGE('',*,*,#338,.T.);
#478 = ORIENTED_EDGE('',*,*,#479,.T.);
#479 = EDGE_CURVE('',#341,#480,#482,.T.);
#480 = VERTEX_POINT('',#481);
#481 = CARTESIAN_POINT('',(69.,-18.47401400109,-2.223906470002));
#482 = LINE('',#483,#484);
#483 = CARTESIAN_POINT('',(31.,-18.47401400109,-2.223906470002));
#484 = VECTOR('',#485,1.);
#485 = DIRECTION('',(1.,0.,0.));
#486 = ORIENTED_EDGE('',*,*,#487,.F.);
#487 = EDGE_CURVE('',#471,#480,#488,.T.);
#488 = CIRCLE('',#489,16.6);
#489 = AXIS2_PLACEMENT_3D('',#490,#491,#492);
#490 = CARTESIAN_POINT('',(69.,-2.,-0.182617002139));
#491 = DIRECTION('',(1.,0.,-0.));
#492 = DIRECTION('',(0.,0.,1.));
#493 = CYLINDRICAL_SURFACE('',#494,16.6);
#494 = AXIS2_PLACEMENT_3D('',#495,#496,#497);
#495 = CARTESIAN_POINT('',(31.,-2.,-0.182617002139));
#496 = DIRECTION('',(1.,0.,0.));
#497 = DIRECTION('',(0.,0.,1.));
#498 = ADVANCED_FACE('',(#499),#617,.F.);
#499 = FACE_BOUND('',#500,.F.);
#500 = EDGE_LOOP('',(#501,#512,#521,#530,#539,#548,#557,#566,#575,#584,
    #593,#600,#601,#610));
#501 = ORIENTED_EDGE('',*,*,#502,.T.);
#502 = EDGE_CURVE('',#503,#505,#507,.T.);
#503 = VERTEX_POINT('',#504);
#504 = CARTESIAN_POINT('',(69.,-2.6,-16.7717700848));
#505 = VERTEX_POINT('',#506);
#506 = CARTESIAN_POINT('',(69.,-2.,-16.78261700213));
#507 = CIRCLE('',#508,16.6);
#508 = AXIS2_PLACEMENT_3D('',#509,#510,#511);
#509 = CARTESIAN_POINT('',(69.,-2.,-0.182617002139));
#510 = DIRECTION('',(1.,0.,-0.));
#511 = DIRECTION('',(0.,0.,1.));
#512 = ORIENTED_EDGE('',*,*,#513,.T.);
#513 = EDGE_CURVE('',#505,#514,#516,.T.);
#514 = VERTEX_POINT('',#515);
#515 = CARTESIAN_POINT('',(78.199996037522,-2.,-14.));
#516 = CIRCLE('',#517,16.6);
#517 = AXIS2_PLACEMENT_3D('',#518,#519,#520);
#518 = CARTESIAN_POINT('',(69.,-2.,-0.182617002139));
#519 = DIRECTION('',(-2.449293598295E-16,-1.,0.));
#520 = DIRECTION('',(1.,-2.449293598295E-16,0.));
#521 = ORIENTED_EDGE('',*,*,#522,.T.);
#522 = EDGE_CURVE('',#514,#523,#525,.T.);
#523 = VERTEX_POINT('',#524);
#524 = CARTESIAN_POINT('',(80.345881600085,-2.,-12.3));
#525 = CIRCLE('',#526,16.6);
#526 = AXIS2_PLACEMENT_3D('',#527,#528,#529);
#527 = CARTESIAN_POINT('',(69.,-2.,-0.182617002139));
#528 = DIRECTION('',(-2.449293598295E-16,-1.,0.));
#529 = DIRECTION('',(1.,-2.449293598295E-16,0.));
#530 = ORIENTED_EDGE('',*,*,#531,.T.);
#531 = EDGE_CURVE('',#523,#532,#534,.T.);
#532 = VERTEX_POINT('',#533);
#533 = CARTESIAN_POINT('',(82.600713983906,-2.,-9.7));
#534 = CIRCLE('',#535,16.6);
#535 = AXIS2_PLACEMENT_3D('',#536,#537,#538);
#536 = CARTESIAN_POINT('',(69.,-2.,-0.182617002139));
#537 = DIRECTION('',(-2.449293598295E-16,-1.,0.));
#538 = DIRECTION('',(1.,-2.449293598295E-16,0.));
#539 = ORIENTED_EDGE('',*,*,#540,.T.);
#540 = EDGE_CURVE('',#532,#541,#543,.T.);
#541 = VERTEX_POINT('',#542);
#542 = CARTESIAN_POINT('',(83.644061016834,-2.,-8.));
#543 = CIRCLE('',#544,16.6);
#544 = AXIS2_PLACEMENT_3D('',#545,#546,#547);
#545 = CARTESIAN_POINT('',(69.,-2.,-0.182617002139));
#546 = DIRECTION('',(-2.449293598295E-16,-1.,0.));
#547 = DIRECTION('',(1.,-2.449293598295E-16,0.));
#548 = ORIENTED_EDGE('',*,*,#549,.T.);
#549 = EDGE_CURVE('',#541,#550,#552,.T.);
#550 = VERTEX_POINT('',#551);
#551 = CARTESIAN_POINT('',(85.532090007014,-2.,-1.682617002138));
#552 = CIRCLE('',#553,16.6);
#553 = AXIS2_PLACEMENT_3D('',#554,#555,#556);
#554 = CARTESIAN_POINT('',(69.,-2.,-0.182617002139));
#555 = DIRECTION('',(-2.449293598295E-16,-1.,0.));
#556 = DIRECTION('',(1.,-2.449293598295E-16,0.));
#557 = ORIENTED_EDGE('',*,*,#558,.T.);
#558 = EDGE_CURVE('',#550,#559,#561,.T.);
#559 = VERTEX_POINT('',#560);
#560 = CARTESIAN_POINT('',(85.589153082662,-2.,-0.782617002139));
#561 = CIRCLE('',#562,16.6);
#562 = AXIS2_PLACEMENT_3D('',#563,#564,#565);
#563 = CARTESIAN_POINT('',(69.,-2.,-0.182617002139));
#564 = DIRECTION('',(-2.449293598295E-16,-1.,0.));
#565 = DIRECTION('',(1.,-2.449293598295E-16,0.));
#566 = ORIENTED_EDGE('',*,*,#567,.T.);
#567 = EDGE_CURVE('',#559,#568,#570,.T.);
#568 = VERTEX_POINT('',#569);
#569 = CARTESIAN_POINT('',(85.6,-2.,-0.182617002139));
#570 = CIRCLE('',#571,16.6);
#571 = AXIS2_PLACEMENT_3D('',#572,#573,#574);
#572 = CARTESIAN_POINT('',(69.,-2.,-0.182617002139));
#573 = DIRECTION('',(-2.449293598295E-16,-1.,0.));
#574 = DIRECTION('',(1.,-2.449293598295E-16,0.));
#575 = ORIENTED_EDGE('',*,*,#576,.F.);
#576 = EDGE_CURVE('',#577,#568,#579,.T.);
#577 = VERTEX_POINT('',#578);
#578 = CARTESIAN_POINT('',(85.589070030118,-2.6,-0.235110200254));
#579 = CIRCLE('',#580,16.6);
#580 = AXIS2_PLACEMENT_3D('',#581,#582,#583);
#581 = CARTESIAN_POINT('',(69.,-2.,-0.182617002139));
#582 = DIRECTION('',(0.,-8.715574274766E-02,0.996194698092));
#583 = DIRECTION('',(0.,-0.996194698092,-8.715574274766E-02));
#584 = ORIENTED_EDGE('',*,*,#585,.F.);
#585 = EDGE_CURVE('',#586,#577,#588,.T.);
#586 = VERTEX_POINT('',#587);
#587 = CARTESIAN_POINT('',(85.53156913003,-3.5,-0.313849997427));
#588 = CIRCLE('',#589,16.6);
#589 = AXIS2_PLACEMENT_3D('',#590,#591,#592);
#590 = CARTESIAN_POINT('',(69.,-2.,-0.182617002139));
#591 = DIRECTION('',(0.,-8.715574274766E-02,0.996194698092));
#592 = DIRECTION('',(0.,-0.996194698092,-8.715574274766E-02));
#593 = ORIENTED_EDGE('',*,*,#594,.F.);
#594 = EDGE_CURVE('',#471,#586,#595,.T.);
#595 = CIRCLE('',#596,16.6);
#596 = AXIS2_PLACEMENT_3D('',#597,#598,#599);
#597 = CARTESIAN_POINT('',(69.,-2.,-0.182617002139));
#598 = DIRECTION('',(0.,-8.715574274766E-02,0.996194698092));
#599 = DIRECTION('',(0.,-0.996194698092,-8.715574274766E-02));
#600 = ORIENTED_EDGE('',*,*,#487,.T.);
#601 = ORIENTED_EDGE('',*,*,#602,.T.);
#602 = EDGE_CURVE('',#480,#603,#605,.T.);
#603 = VERTEX_POINT('',#604);
#604 = CARTESIAN_POINT('',(85.576316014918,-2.6,-0.835110200254));
#605 = CIRCLE('',#606,16.589235503918);
#606 = AXIS2_PLACEMENT_3D('',#607,#608,#609);
#607 = CARTESIAN_POINT('',(69.,-1.9479055467,-0.778059328042));
#608 = DIRECTION('',(0.,-8.715574274766E-02,0.996194698092));
#609 = DIRECTION('',(0.,-0.996194698092,-8.715574274766E-02));
#610 = ORIENTED_EDGE('',*,*,#611,.T.);
#611 = EDGE_CURVE('',#603,#503,#612,.T.);
#612 = CIRCLE('',#613,16.589153082662);
#613 = AXIS2_PLACEMENT_3D('',#614,#615,#616);
#614 = CARTESIAN_POINT('',(69.,-2.6,-0.182617002139));
#615 = DIRECTION('',(0.,1.,0.));
#616 = DIRECTION('',(0.,0.,1.));
#617 = SPHERICAL_SURFACE('',#618,16.6);
#618 = AXIS2_PLACEMENT_3D('',#619,#620,#621);
#619 = CARTESIAN_POINT('',(69.,-2.,-0.182617002139));
#620 = DIRECTION('',(0.,0.,1.));
#621 = DIRECTION('',(1.,0.,0.));
#622 = ADVANCED_FACE('',(#623),#668,.T.);
#623 = FACE_BOUND('',#624,.T.);
#624 = EDGE_LOOP('',(#625,#626,#634,#643,#651,#660,#666,#667));
#625 = ORIENTED_EDGE('',*,*,#602,.T.);
#626 = ORIENTED_EDGE('',*,*,#627,.F.);
#627 = EDGE_CURVE('',#628,#603,#630,.T.);
#628 = VERTEX_POINT('',#629);
#629 = CARTESIAN_POINT('',(84.374467555867,-2.6,-0.835110200254));
#630 = LINE('',#631,#632);
#631 = CARTESIAN_POINT('',(-7.,-2.6,-0.835110200254));
#632 = VECTOR('',#633,1.);
#633 = DIRECTION('',(1.,0.,0.));
#634 = ORIENTED_EDGE('',*,*,#635,.F.);
#635 = EDGE_CURVE('',#636,#628,#638,.T.);
#636 = VERTEX_POINT('',#637);
#637 = CARTESIAN_POINT('',(69.,-17.27774415605,-2.119246420042));
#638 = CIRCLE('',#639,15.388396102403);
#639 = AXIS2_PLACEMENT_3D('',#640,#641,#642);
#640 = CARTESIAN_POINT('',(69.,-1.9479055467,-0.778059328042));
#641 = DIRECTION('',(0.,-8.715574274766E-02,0.996194698092));
#642 = DIRECTION('',(0.,-0.996194698092,-8.715574274766E-02));
#643 = ORIENTED_EDGE('',*,*,#644,.F.);
#644 = EDGE_CURVE('',#645,#636,#647,.T.);
#645 = VERTEX_POINT('',#646);
#646 = CARTESIAN_POINT('',(31.,-17.27774415605,-2.119246420042));
#647 = LINE('',#648,#649);
#648 = CARTESIAN_POINT('',(31.,-17.27774415605,-2.119246420042));
#649 = VECTOR('',#650,1.);
#650 = DIRECTION('',(1.,0.,0.));
#651 = ORIENTED_EDGE('',*,*,#652,.F.);
#652 = EDGE_CURVE('',#653,#645,#655,.T.);
#653 = VERTEX_POINT('',#654);
#654 = CARTESIAN_POINT('',(15.625532444133,-2.6,-0.835110200254));
#655 = CIRCLE('',#656,15.388396102403);
#656 = AXIS2_PLACEMENT_3D('',#657,#658,#659);
#657 = CARTESIAN_POINT('',(31.,-1.9479055467,-0.778059328042));
#658 = DIRECTION('',(0.,-8.715574274766E-02,0.996194698092));
#659 = DIRECTION('',(0.,-0.996194698092,-8.715574274766E-02));
#660 = ORIENTED_EDGE('',*,*,#661,.F.);
#661 = EDGE_CURVE('',#447,#653,#662,.T.);
#662 = LINE('',#663,#664);
#663 = CARTESIAN_POINT('',(-7.,-2.6,-0.835110200254));
#664 = VECTOR('',#665,1.);
#665 = DIRECTION('',(1.,0.,0.));
#666 = ORIENTED_EDGE('',*,*,#455,.T.);
#667 = ORIENTED_EDGE('',*,*,#479,.T.);
#668 = PLANE('',#669);
#669 = AXIS2_PLACEMENT_3D('',#670,#671,#672);
#670 = CARTESIAN_POINT('',(-17.,-80.,-7.606732757161));
#671 = DIRECTION('',(0.,-8.715574274766E-02,0.996194698092));
#672 = DIRECTION('',(0.,0.996194698092,8.715574274766E-02));
#673 = ADVANCED_FACE('',(#674),#710,.T.);
#674 = FACE_BOUND('',#675,.T.);
#675 = EDGE_LOOP('',(#676,#677,#678,#684,#685,#686,#695,#703));
#676 = ORIENTED_EDGE('',*,*,#627,.T.);
#677 = ORIENTED_EDGE('',*,*,#611,.T.);
#678 = ORIENTED_EDGE('',*,*,#679,.F.);
#679 = EDGE_CURVE('',#438,#503,#680,.T.);
#680 = LINE('',#681,#682);
#681 = CARTESIAN_POINT('',(31.,-2.6,-16.7717700848));
#682 = VECTOR('',#683,1.);
#683 = DIRECTION('',(1.,0.,0.));
#684 = ORIENTED_EDGE('',*,*,#446,.T.);
#685 = ORIENTED_EDGE('',*,*,#661,.T.);
#686 = ORIENTED_EDGE('',*,*,#687,.F.);
#687 = EDGE_CURVE('',#688,#653,#690,.T.);
#688 = VERTEX_POINT('',#689);
#689 = CARTESIAN_POINT('',(31.,-2.6,-15.57092425147));
#690 = CIRCLE('',#691,15.388307249337);
#691 = AXIS2_PLACEMENT_3D('',#692,#693,#694);
#692 = CARTESIAN_POINT('',(31.,-2.6,-0.182617002139));
#693 = DIRECTION('',(0.,1.,0.));
#694 = DIRECTION('',(0.,0.,1.));
#695 = ORIENTED_EDGE('',*,*,#696,.T.);
#696 = EDGE_CURVE('',#688,#697,#699,.T.);
#697 = VERTEX_POINT('',#698);
#698 = CARTESIAN_POINT('',(69.,-2.6,-15.57092425147));
#699 = LINE('',#700,#701);
#700 = CARTESIAN_POINT('',(31.,-2.6,-15.57092425147));
#701 = VECTOR('',#702,1.);
#702 = DIRECTION('',(1.,0.,0.));
#703 = ORIENTED_EDGE('',*,*,#704,.F.);
#704 = EDGE_CURVE('',#628,#697,#705,.T.);
#705 = CIRCLE('',#706,15.388307249337);
#706 = AXIS2_PLACEMENT_3D('',#707,#708,#709);
#707 = CARTESIAN_POINT('',(69.,-2.6,-0.182617002139));
#708 = DIRECTION('',(0.,1.,0.));
#709 = DIRECTION('',(0.,0.,1.));
#710 = PLANE('',#711);
#711 = AXIS2_PLACEMENT_3D('',#712,#713,#714);
#712 = CARTESIAN_POINT('',(3.,-2.6,-60.));
#713 = DIRECTION('',(0.,1.,0.));
#714 = DIRECTION('',(0.,0.,1.));
#715 = ADVANCED_FACE('',(#716),#727,.F.);
#716 = FACE_BOUND('',#717,.F.);
#717 = EDGE_LOOP('',(#718,#719,#720,#726));
#718 = ORIENTED_EDGE('',*,*,#679,.F.);
#719 = ORIENTED_EDGE('',*,*,#437,.T.);
#720 = ORIENTED_EDGE('',*,*,#721,.T.);
#721 = EDGE_CURVE('',#429,#505,#722,.T.);
#722 = LINE('',#723,#724);
#723 = CARTESIAN_POINT('',(31.,-2.,-16.78261700213));
#724 = VECTOR('',#725,1.);
#725 = DIRECTION('',(1.,0.,0.));
#726 = ORIENTED_EDGE('',*,*,#502,.F.);
#727 = CYLINDRICAL_SURFACE('',#728,16.6);
#728 = AXIS2_PLACEMENT_3D('',#729,#730,#731);
#729 = CARTESIAN_POINT('',(31.,-2.,-0.182617002139));
#730 = DIRECTION('',(1.,0.,0.));
#731 = DIRECTION('',(0.,0.,1.));
#732 = ADVANCED_FACE('',(#733),#752,.F.);
#733 = FACE_BOUND('',#734,.F.);
#734 = EDGE_LOOP('',(#735,#736,#744,#751));
#735 = ORIENTED_EDGE('',*,*,#412,.T.);
#736 = ORIENTED_EDGE('',*,*,#737,.T.);
#737 = EDGE_CURVE('',#404,#738,#740,.T.);
#738 = VERTEX_POINT('',#739);
#739 = CARTESIAN_POINT('',(18.893001161642,-2.,-9.7));
#740 = LINE('',#741,#742);
#741 = CARTESIAN_POINT('',(15.1,-2.,-9.7));
#742 = VECTOR('',#743,1.);
#743 = DIRECTION('',(1.,0.,0.));
#744 = ORIENTED_EDGE('',*,*,#745,.F.);
#745 = EDGE_CURVE('',#293,#738,#746,.T.);
#746 = CIRCLE('',#747,15.4);
#747 = AXIS2_PLACEMENT_3D('',#748,#749,#750);
#748 = CARTESIAN_POINT('',(31.,-2.,-0.182617002139));
#749 = DIRECTION('',(0.,1.,0.));
#750 = DIRECTION('',(0.,0.,1.));
#751 = ORIENTED_EDGE('',*,*,#292,.F.);
#752 = PLANE('',#753);
#753 = AXIS2_PLACEMENT_3D('',#754,#755,#756);
#754 = CARTESIAN_POINT('',(15.1,-2.,-9.7));
#755 = DIRECTION('',(0.,1.,0.));
#756 = DIRECTION('',(0.,0.,-1.));
#757 = ADVANCED_FACE('',(#758),#784,.F.);
#758 = FACE_BOUND('',#759,.F.);
#759 = EDGE_LOOP('',(#760,#771,#777,#778));
#760 = ORIENTED_EDGE('',*,*,#761,.T.);
#761 = EDGE_CURVE('',#762,#764,#766,.T.);
#762 = VERTEX_POINT('',#763);
#763 = CARTESIAN_POINT('',(78.504158525778,-2.,-12.3));
#764 = VERTEX_POINT('',#765);
#765 = CARTESIAN_POINT('',(81.106998838358,-2.,-9.7));
#766 = CIRCLE('',#767,15.4);
#767 = AXIS2_PLACEMENT_3D('',#768,#769,#770);
#768 = CARTESIAN_POINT('',(69.,-2.,-0.182617002139));
#769 = DIRECTION('',(-2.449293598295E-16,-1.,0.));
#770 = DIRECTION('',(1.,-2.449293598295E-16,0.));
#771 = ORIENTED_EDGE('',*,*,#772,.T.);
#772 = EDGE_CURVE('',#764,#532,#773,.T.);
#773 = LINE('',#774,#775);
#774 = CARTESIAN_POINT('',(75.1,-2.,-9.7));
#775 = VECTOR('',#776,1.);
#776 = DIRECTION('',(1.,0.,0.));
#777 = ORIENTED_EDGE('',*,*,#531,.F.);
#778 = ORIENTED_EDGE('',*,*,#779,.F.);
#779 = EDGE_CURVE('',#762,#523,#780,.T.);
#780 = LINE('',#781,#782);
#781 = CARTESIAN_POINT('',(75.1,-2.,-12.3));
#782 = VECTOR('',#783,1.);
#783 = DIRECTION('',(1.,0.,0.));
#784 = PLANE('',#785);
#785 = AXIS2_PLACEMENT_3D('',#786,#787,#788);
#786 = CARTESIAN_POINT('',(75.1,-2.,-9.7));
#787 = DIRECTION('',(0.,1.,0.));
#788 = DIRECTION('',(0.,0.,-1.));
#789 = ADVANCED_FACE('',(#790),#890,.T.);
#790 = FACE_BOUND('',#791,.T.);
#791 = EDGE_LOOP('',(#792,#801,#810,#819,#828,#837,#846,#855,#862,#863,
    #872,#881,#888,#889));
#792 = ORIENTED_EDGE('',*,*,#793,.F.);
#793 = EDGE_CURVE('',#794,#645,#796,.T.);
#794 = VERTEX_POINT('',#795);
#795 = CARTESIAN_POINT('',(31.,-17.34139835061,-1.524815440452));
#796 = CIRCLE('',#797,15.4);
#797 = AXIS2_PLACEMENT_3D('',#798,#799,#800);
#798 = CARTESIAN_POINT('',(31.,-2.,-0.182617002139));
#799 = DIRECTION('',(1.,0.,-0.));
#800 = DIRECTION('',(0.,0.,1.));
#801 = ORIENTED_EDGE('',*,*,#802,.F.);
#802 = EDGE_CURVE('',#803,#794,#805,.T.);
#803 = VERTEX_POINT('',#804);
#804 = CARTESIAN_POINT('',(15.67378788151,-3.5,-0.313849997427));
#805 = CIRCLE('',#806,15.4);
#806 = AXIS2_PLACEMENT_3D('',#807,#808,#809);
#807 = CARTESIAN_POINT('',(31.,-2.,-0.182617002139));
#808 = DIRECTION('',(0.,-8.715574274766E-02,0.996194698092));
#809 = DIRECTION('',(0.,-0.996194698092,-8.715574274766E-02));
#810 = ORIENTED_EDGE('',*,*,#811,.F.);
#811 = EDGE_CURVE('',#812,#803,#814,.T.);
#812 = VERTEX_POINT('',#813);
#813 = CARTESIAN_POINT('',(15.611782284353,-2.6,-0.235110200254));
#814 = CIRCLE('',#815,15.4);
#815 = AXIS2_PLACEMENT_3D('',#816,#817,#818);
#816 = CARTESIAN_POINT('',(31.,-2.,-0.182617002139));
#817 = DIRECTION('',(0.,-8.715574274766E-02,0.996194698092));
#818 = DIRECTION('',(0.,-0.996194698092,-8.715574274766E-02));
#819 = ORIENTED_EDGE('',*,*,#820,.F.);
#820 = EDGE_CURVE('',#821,#812,#823,.T.);
#821 = VERTEX_POINT('',#822);
#822 = CARTESIAN_POINT('',(15.6,-2.,-0.182617002139));
#823 = CIRCLE('',#824,15.4);
#824 = AXIS2_PLACEMENT_3D('',#825,#826,#827);
#825 = CARTESIAN_POINT('',(31.,-2.,-0.182617002139));
#826 = DIRECTION('',(0.,-8.715574274766E-02,0.996194698092));
#827 = DIRECTION('',(0.,-0.996194698092,-8.715574274766E-02));
#828 = ORIENTED_EDGE('',*,*,#829,.F.);
#829 = EDGE_CURVE('',#830,#821,#832,.T.);
#830 = VERTEX_POINT('',#831);
#831 = CARTESIAN_POINT('',(15.611692750663,-2.,-0.782617002139));
#832 = CIRCLE('',#833,15.4);
#833 = AXIS2_PLACEMENT_3D('',#834,#835,#836);
#834 = CARTESIAN_POINT('',(31.,-2.,-0.182617002139));
#835 = DIRECTION('',(0.,1.,0.));
#836 = DIRECTION('',(0.,0.,1.));
#837 = ORIENTED_EDGE('',*,*,#838,.F.);
#838 = EDGE_CURVE('',#839,#830,#841,.T.);
#839 = VERTEX_POINT('',#840);
#840 = CARTESIAN_POINT('',(15.673226040683,-2.,-1.682617002138));
#841 = CIRCLE('',#842,15.4);
#842 = AXIS2_PLACEMENT_3D('',#843,#844,#845);
#843 = CARTESIAN_POINT('',(31.,-2.,-0.182617002139));
#844 = DIRECTION('',(0.,1.,0.));
#845 = DIRECTION('',(0.,0.,1.));
#846 = ORIENTED_EDGE('',*,*,#847,.F.);
#847 = EDGE_CURVE('',#848,#839,#850,.T.);
#848 = VERTEX_POINT('',#849);
#849 = CARTESIAN_POINT('',(17.731672182798,-2.,-8.));
#850 = CIRCLE('',#851,15.4);
#851 = AXIS2_PLACEMENT_3D('',#852,#853,#854);
#852 = CARTESIAN_POINT('',(31.,-2.,-0.182617002139));
#853 = DIRECTION('',(0.,1.,0.));
#854 = DIRECTION('',(0.,0.,1.));
#855 = ORIENTED_EDGE('',*,*,#856,.F.);
#856 = EDGE_CURVE('',#738,#848,#857,.T.);
#857 = CIRCLE('',#858,15.4);
#858 = AXIS2_PLACEMENT_3D('',#859,#860,#861);
#859 = CARTESIAN_POINT('',(31.,-2.,-0.182617002139));
#860 = DIRECTION('',(0.,1.,0.));
#861 = DIRECTION('',(0.,0.,1.));
#862 = ORIENTED_EDGE('',*,*,#745,.F.);
#863 = ORIENTED_EDGE('',*,*,#864,.F.);
#864 = EDGE_CURVE('',#865,#293,#867,.T.);
#865 = VERTEX_POINT('',#866);
#866 = CARTESIAN_POINT('',(24.200005361002,-2.,-14.));
#867 = CIRCLE('',#868,15.4);
#868 = AXIS2_PLACEMENT_3D('',#869,#870,#871);
#869 = CARTESIAN_POINT('',(31.,-2.,-0.182617002139));
#870 = DIRECTION('',(0.,1.,0.));
#871 = DIRECTION('',(0.,0.,1.));
#872 = ORIENTED_EDGE('',*,*,#873,.F.);
#873 = EDGE_CURVE('',#874,#865,#876,.T.);
#874 = VERTEX_POINT('',#875);
#875 = CARTESIAN_POINT('',(31.,-2.,-15.58261700213));
#876 = CIRCLE('',#877,15.4);
#877 = AXIS2_PLACEMENT_3D('',#878,#879,#880);
#878 = CARTESIAN_POINT('',(31.,-2.,-0.182617002139));
#879 = DIRECTION('',(0.,1.,0.));
#880 = DIRECTION('',(0.,0.,1.));
#881 = ORIENTED_EDGE('',*,*,#882,.F.);
#882 = EDGE_CURVE('',#688,#874,#883,.T.);
#883 = CIRCLE('',#884,15.4);
#884 = AXIS2_PLACEMENT_3D('',#885,#886,#887);
#885 = CARTESIAN_POINT('',(31.,-2.,-0.182617002139));
#886 = DIRECTION('',(1.,0.,-0.));
#887 = DIRECTION('',(0.,0.,1.));
#888 = ORIENTED_EDGE('',*,*,#687,.T.);
#889 = ORIENTED_EDGE('',*,*,#652,.T.);
#890 = SPHERICAL_SURFACE('',#891,15.4);
#891 = AXIS2_PLACEMENT_3D('',#892,#893,#894);
#892 = CARTESIAN_POINT('',(31.,-2.,-0.182617002139));
#893 = DIRECTION('',(0.,0.,1.));
#894 = DIRECTION('',(1.,0.,0.));
#895 = ADVANCED_FACE('',(#896),#915,.T.);
#896 = FACE_BOUND('',#897,.T.);
#897 = EDGE_LOOP('',(#898,#906,#907,#908));
#898 = ORIENTED_EDGE('',*,*,#899,.F.);
#899 = EDGE_CURVE('',#794,#900,#902,.T.);
#900 = VERTEX_POINT('',#901);
#901 = CARTESIAN_POINT('',(69.,-17.34139835061,-1.524815440452));
#902 = LINE('',#903,#904);
#903 = CARTESIAN_POINT('',(31.,-17.34139835061,-1.524815440452));
#904 = VECTOR('',#905,1.);
#905 = DIRECTION('',(1.,0.,0.));
#906 = ORIENTED_EDGE('',*,*,#793,.T.);
#907 = ORIENTED_EDGE('',*,*,#644,.T.);
#908 = ORIENTED_EDGE('',*,*,#909,.F.);
#909 = EDGE_CURVE('',#900,#636,#910,.T.);
#910 = CIRCLE('',#911,15.4);
#911 = AXIS2_PLACEMENT_3D('',#912,#913,#914);
#912 = CARTESIAN_POINT('',(69.,-2.,-0.182617002139));
#913 = DIRECTION('',(1.,0.,-0.));
#914 = DIRECTION('',(0.,0.,1.));
#915 = CYLINDRICAL_SURFACE('',#916,15.4);
#916 = AXIS2_PLACEMENT_3D('',#917,#918,#919);
#917 = CARTESIAN_POINT('',(31.,-2.,-0.182617002139));
#918 = DIRECTION('',(1.,0.,0.));
#919 = DIRECTION('',(0.,0.,1.));
#920 = ADVANCED_FACE('',(#921),#1013,.T.);
#921 = FACE_BOUND('',#922,.T.);
#922 = EDGE_LOOP('',(#923,#932,#941,#948,#949,#958,#967,#976,#985,#994,
    #1003,#1010,#1011,#1012));
#923 = ORIENTED_EDGE('',*,*,#924,.T.);
#924 = EDGE_CURVE('',#697,#925,#927,.T.);
#925 = VERTEX_POINT('',#926);
#926 = CARTESIAN_POINT('',(69.,-2.,-15.58261700213));
#927 = CIRCLE('',#928,15.4);
#928 = AXIS2_PLACEMENT_3D('',#929,#930,#931);
#929 = CARTESIAN_POINT('',(69.,-2.,-0.182617002139));
#930 = DIRECTION('',(1.,0.,-0.));
#931 = DIRECTION('',(0.,0.,1.));
#932 = ORIENTED_EDGE('',*,*,#933,.T.);
#933 = EDGE_CURVE('',#925,#934,#936,.T.);
#934 = VERTEX_POINT('',#935);
#935 = CARTESIAN_POINT('',(75.799994638998,-2.,-14.));
#936 = CIRCLE('',#937,15.4);
#937 = AXIS2_PLACEMENT_3D('',#938,#939,#940);
#938 = CARTESIAN_POINT('',(69.,-2.,-0.182617002139));
#939 = DIRECTION('',(-2.449293598295E-16,-1.,0.));
#940 = DIRECTION('',(1.,-2.449293598295E-16,0.));
#941 = ORIENTED_EDGE('',*,*,#942,.T.);
#942 = EDGE_CURVE('',#934,#762,#943,.T.);
#943 = CIRCLE('',#944,15.4);
#944 = AXIS2_PLACEMENT_3D('',#945,#946,#947);
#945 = CARTESIAN_POINT('',(69.,-2.,-0.182617002139));
#946 = DIRECTION('',(-2.449293598295E-16,-1.,0.));
#947 = DIRECTION('',(1.,-2.449293598295E-16,0.));
#948 = ORIENTED_EDGE('',*,*,#761,.T.);
#949 = ORIENTED_EDGE('',*,*,#950,.T.);
#950 = EDGE_CURVE('',#764,#951,#953,.T.);
#951 = VERTEX_POINT('',#952);
#952 = CARTESIAN_POINT('',(82.268327817202,-2.,-8.));
#953 = CIRCLE('',#954,15.4);
#954 = AXIS2_PLACEMENT_3D('',#955,#956,#957);
#955 = CARTESIAN_POINT('',(69.,-2.,-0.182617002139));
#956 = DIRECTION('',(-2.449293598295E-16,-1.,0.));
#957 = DIRECTION('',(1.,-2.449293598295E-16,0.));
#958 = ORIENTED_EDGE('',*,*,#959,.T.);
#959 = EDGE_CURVE('',#951,#960,#962,.T.);
#960 = VERTEX_POINT('',#961);
#961 = CARTESIAN_POINT('',(84.326773959317,-2.,-1.682617002138));
#962 = CIRCLE('',#963,15.4);
#963 = AXIS2_PLACEMENT_3D('',#964,#965,#966);
#964 = CARTESIAN_POINT('',(69.,-2.,-0.182617002139));
#965 = DIRECTION('',(-2.449293598295E-16,-1.,0.));
#966 = DIRECTION('',(1.,-2.449293598295E-16,0.));
#967 = ORIENTED_EDGE('',*,*,#968,.T.);
#968 = EDGE_CURVE('',#960,#969,#971,.T.);
#969 = VERTEX_POINT('',#970);
#970 = CARTESIAN_POINT('',(84.388307249337,-2.,-0.782617002139));
#971 = CIRCLE('',#972,15.4);
#972 = AXIS2_PLACEMENT_3D('',#973,#974,#975);
#973 = CARTESIAN_POINT('',(69.,-2.,-0.182617002139));
#974 = DIRECTION('',(-2.449293598295E-16,-1.,0.));
#975 = DIRECTION('',(1.,-2.449293598295E-16,0.));
#976 = ORIENTED_EDGE('',*,*,#977,.T.);
#977 = EDGE_CURVE('',#969,#978,#980,.T.);
#978 = VERTEX_POINT('',#979);
#979 = CARTESIAN_POINT('',(84.4,-2.,-0.182617002139));
#980 = CIRCLE('',#981,15.4);
#981 = AXIS2_PLACEMENT_3D('',#982,#983,#984);
#982 = CARTESIAN_POINT('',(69.,-2.,-0.182617002139));
#983 = DIRECTION('',(-2.449293598295E-16,-1.,0.));
#984 = DIRECTION('',(1.,-2.449293598295E-16,0.));
#985 = ORIENTED_EDGE('',*,*,#986,.F.);
#986 = EDGE_CURVE('',#987,#978,#989,.T.);
#987 = VERTEX_POINT('',#988);
#988 = CARTESIAN_POINT('',(84.388217715647,-2.6,-0.235110200254));
#989 = CIRCLE('',#990,15.4);
#990 = AXIS2_PLACEMENT_3D('',#991,#992,#993);
#991 = CARTESIAN_POINT('',(69.,-2.,-0.182617002139));
#992 = DIRECTION('',(0.,-8.715574274766E-02,0.996194698092));
#993 = DIRECTION('',(0.,-0.996194698092,-8.715574274766E-02));
#994 = ORIENTED_EDGE('',*,*,#995,.F.);
#995 = EDGE_CURVE('',#996,#987,#998,.T.);
#996 = VERTEX_POINT('',#997);
#997 = CARTESIAN_POINT('',(84.32621211849,-3.5,-0.313849997427));
#998 = CIRCLE('',#999,15.4);
#999 = AXIS2_PLACEMENT_3D('',#1000,#1001,#1002);
#1000 = CARTESIAN_POINT('',(69.,-2.,-0.182617002139));
#1001 = DIRECTION('',(0.,-8.715574274766E-02,0.996194698092));
#1002 = DIRECTION('',(0.,-0.996194698092,-8.715574274766E-02));
#1003 = ORIENTED_EDGE('',*,*,#1004,.F.);
#1004 = EDGE_CURVE('',#900,#996,#1005,.T.);
#1005 = CIRCLE('',#1006,15.4);
#1006 = AXIS2_PLACEMENT_3D('',#1007,#1008,#1009);
#1007 = CARTESIAN_POINT('',(69.,-2.,-0.182617002139));
#1008 = DIRECTION('',(0.,-8.715574274766E-02,0.996194698092));
#1009 = DIRECTION('',(0.,-0.996194698092,-8.715574274766E-02));
#1010 = ORIENTED_EDGE('',*,*,#909,.T.);
#1011 = ORIENTED_EDGE('',*,*,#635,.T.);
#1012 = ORIENTED_EDGE('',*,*,#704,.T.);
#1013 = SPHERICAL_SURFACE('',#1014,15.4);
#1014 = AXIS2_PLACEMENT_3D('',#1015,#1016,#1017);
#1015 = CARTESIAN_POINT('',(69.,-2.,-0.182617002139));
#1016 = DIRECTION('',(0.,0.,1.));
#1017 = DIRECTION('',(1.,0.,0.));
#1018 = ADVANCED_FACE('',(#1019),#1030,.T.);
#1019 = FACE_BOUND('',#1020,.T.);
#1020 = EDGE_LOOP('',(#1021,#1022,#1023,#1029));
#1021 = ORIENTED_EDGE('',*,*,#696,.F.);
#1022 = ORIENTED_EDGE('',*,*,#882,.T.);
#1023 = ORIENTED_EDGE('',*,*,#1024,.T.);
#1024 = EDGE_CURVE('',#874,#925,#1025,.T.);
#1025 = LINE('',#1026,#1027);
#1026 = CARTESIAN_POINT('',(31.,-2.,-15.58261700213));
#1027 = VECTOR('',#1028,1.);
#1028 = DIRECTION('',(1.,0.,0.));
#1029 = ORIENTED_EDGE('',*,*,#924,.F.);
#1030 = CYLINDRICAL_SURFACE('',#1031,15.4);
#1031 = AXIS2_PLACEMENT_3D('',#1032,#1033,#1034);
#1032 = CARTESIAN_POINT('',(31.,-2.,-0.182617002139));
#1033 = DIRECTION('',(1.,0.,0.));
#1034 = DIRECTION('',(0.,0.,1.));
#1035 = ADVANCED_FACE('',(#1036),#1076,.F.);
#1036 = FACE_BOUND('',#1037,.F.);
#1037 = EDGE_LOOP('',(#1038,#1048,#1056,#1062,#1063,#1069,#1070));
#1038 = ORIENTED_EDGE('',*,*,#1039,.T.);
#1039 = EDGE_CURVE('',#1040,#1042,#1044,.T.);
#1040 = VERTEX_POINT('',#1041);
#1041 = CARTESIAN_POINT('',(15.1,2.5,-9.9));
#1042 = VERTEX_POINT('',#1043);
#1043 = CARTESIAN_POINT('',(24.9,2.5,-9.9));
#1044 = LINE('',#1045,#1046);
#1045 = CARTESIAN_POINT('',(15.1,2.5,-9.9));
#1046 = VECTOR('',#1047,1.);
#1047 = DIRECTION('',(1.,0.,0.));
#1048 = ORIENTED_EDGE('',*,*,#1049,.T.);
#1049 = EDGE_CURVE('',#1042,#1050,#1052,.T.);
#1050 = VERTEX_POINT('',#1051);
#1051 = CARTESIAN_POINT('',(24.9,-2.,-9.7));
#1052 = LINE('',#1053,#1054);
#1053 = CARTESIAN_POINT('',(24.9,2.5,-9.9));
#1054 = VECTOR('',#1055,1.);
#1055 = DIRECTION('',(0.,-0.999013806466,4.440061362072E-02));
#1056 = ORIENTED_EDGE('',*,*,#1057,.F.);
#1057 = EDGE_CURVE('',#738,#1050,#1058,.T.);
#1058 = LINE('',#1059,#1060);
#1059 = CARTESIAN_POINT('',(15.1,-2.,-9.7));
#1060 = VECTOR('',#1061,1.);
#1061 = DIRECTION('',(1.,0.,0.));
#1062 = ORIENTED_EDGE('',*,*,#737,.F.);
#1063 = ORIENTED_EDGE('',*,*,#1064,.F.);
#1064 = EDGE_CURVE('',#181,#404,#1065,.T.);
#1065 = LINE('',#1066,#1067);
#1066 = CARTESIAN_POINT('',(15.1,-2.,-9.7));
#1067 = VECTOR('',#1068,1.);
#1068 = DIRECTION('',(1.,0.,0.));
#1069 = ORIENTED_EDGE('',*,*,#262,.F.);
#1070 = ORIENTED_EDGE('',*,*,#1071,.F.);
#1071 = EDGE_CURVE('',#1040,#253,#1072,.T.);
#1072 = LINE('',#1073,#1074);
#1073 = CARTESIAN_POINT('',(15.1,2.5,-9.9));
#1074 = VECTOR('',#1075,1.);
#1075 = DIRECTION('',(0.,-0.999013806466,4.440061362072E-02));
#1076 = PLANE('',#1077);
#1077 = AXIS2_PLACEMENT_3D('',#1078,#1079,#1080);
#1078 = CARTESIAN_POINT('',(15.1,2.5,-9.9));
#1079 = DIRECTION('',(0.,-4.440061362072E-02,-0.999013806466));
#1080 = DIRECTION('',(0.,-0.999013806466,4.440061362072E-02));
#1081 = ADVANCED_FACE('',(#1082),#1131,.F.);
#1082 = FACE_BOUND('',#1083,.F.);
#1083 = EDGE_LOOP('',(#1084,#1092,#1093,#1101,#1109,#1117,#1125));
#1084 = ORIENTED_EDGE('',*,*,#1085,.T.);
#1085 = EDGE_CURVE('',#1086,#762,#1088,.T.);
#1086 = VERTEX_POINT('',#1087);
#1087 = CARTESIAN_POINT('',(75.1,-2.,-12.3));
#1088 = LINE('',#1089,#1090);
#1089 = CARTESIAN_POINT('',(75.1,-2.,-12.3));
#1090 = VECTOR('',#1091,1.);
#1091 = DIRECTION('',(1.,0.,0.));
#1092 = ORIENTED_EDGE('',*,*,#779,.T.);
#1093 = ORIENTED_EDGE('',*,*,#1094,.T.);
#1094 = EDGE_CURVE('',#523,#1095,#1097,.T.);
#1095 = VERTEX_POINT('',#1096);
#1096 = CARTESIAN_POINT('',(82.310485689227,-2.,-12.3));
#1097 = LINE('',#1098,#1099);
#1098 = CARTESIAN_POINT('',(75.1,-2.,-12.3));
#1099 = VECTOR('',#1100,1.);
#1100 = DIRECTION('',(1.,0.,0.));
#1101 = ORIENTED_EDGE('',*,*,#1102,.T.);
#1102 = EDGE_CURVE('',#1095,#1103,#1105,.T.);
#1103 = VERTEX_POINT('',#1104);
#1104 = CARTESIAN_POINT('',(84.9,-2.,-12.3));
#1105 = LINE('',#1106,#1107);
#1106 = CARTESIAN_POINT('',(75.1,-2.,-12.3));
#1107 = VECTOR('',#1108,1.);
#1108 = DIRECTION('',(1.,0.,0.));
#1109 = ORIENTED_EDGE('',*,*,#1110,.T.);
#1110 = EDGE_CURVE('',#1103,#1111,#1113,.T.);
#1111 = VERTEX_POINT('',#1112);
#1112 = CARTESIAN_POINT('',(84.9,2.5,-12.1));
#1113 = LINE('',#1114,#1115);
#1114 = CARTESIAN_POINT('',(84.9,-2.,-12.3));
#1115 = VECTOR('',#1116,1.);
#1116 = DIRECTION('',(0.,0.999013806466,4.440061362072E-02));
#1117 = ORIENTED_EDGE('',*,*,#1118,.F.);
#1118 = EDGE_CURVE('',#1119,#1111,#1121,.T.);
#1119 = VERTEX_POINT('',#1120);
#1120 = CARTESIAN_POINT('',(75.1,2.5,-12.1));
#1121 = LINE('',#1122,#1123);
#1122 = CARTESIAN_POINT('',(75.1,2.5,-12.1));
#1123 = VECTOR('',#1124,1.);
#1124 = DIRECTION('',(1.,0.,0.));
#1125 = ORIENTED_EDGE('',*,*,#1126,.F.);
#1126 = EDGE_CURVE('',#1086,#1119,#1127,.T.);
#1127 = LINE('',#1128,#1129);
#1128 = CARTESIAN_POINT('',(75.1,-2.,-12.3));
#1129 = VECTOR('',#1130,1.);
#1130 = DIRECTION('',(0.,0.999013806466,4.440061362072E-02));
#1131 = PLANE('',#1132);
#1132 = AXIS2_PLACEMENT_3D('',#1133,#1134,#1135);
#1133 = CARTESIAN_POINT('',(75.1,-2.,-12.3));
#1134 = DIRECTION('',(0.,-4.440061362072E-02,0.999013806466));
#1135 = DIRECTION('',(0.,0.999013806466,4.440061362072E-02));
#1136 = ADVANCED_FACE('',(#1137),#1211,.T.);
#1137 = FACE_BOUND('',#1138,.T.);
#1138 = EDGE_LOOP('',(#1139,#1150,#1159,#1168,#1177,#1186,#1195,#1204));
#1139 = ORIENTED_EDGE('',*,*,#1140,.T.);
#1140 = EDGE_CURVE('',#1141,#1143,#1145,.T.);
#1141 = VERTEX_POINT('',#1142);
#1142 = CARTESIAN_POINT('',(69.,-19.93150456565,-1.751420371596));
#1143 = VERTEX_POINT('',#1144);
#1144 = CARTESIAN_POINT('',(69.,-19.73937238837,-3.234610984186));
#1145 = CIRCLE('',#1146,18.);
#1146 = AXIS2_PLACEMENT_3D('',#1147,#1148,#1149);
#1147 = CARTESIAN_POINT('',(69.,-2.,-0.182617002139));
#1148 = DIRECTION('',(1.,0.,-0.));
#1149 = DIRECTION('',(0.,0.,1.));
#1150 = ORIENTED_EDGE('',*,*,#1151,.T.);
#1151 = EDGE_CURVE('',#1143,#1152,#1154,.T.);
#1152 = VERTEX_POINT('',#1153);
#1153 = CARTESIAN_POINT('',(86.863064656298,-3.5,-1.813849997427));
#1154 = CIRCLE('',#1155,17.937867523144);
#1155 = AXIS2_PLACEMENT_3D('',#1156,#1157,#1158);
#1156 = CARTESIAN_POINT('',(69.,-1.86976386675,-1.671222816898));
#1157 = DIRECTION('',(0.,-8.715574274766E-02,0.996194698092));
#1158 = DIRECTION('',(0.,-0.996194698092,-8.715574274766E-02));
#1159 = ORIENTED_EDGE('',*,*,#1160,.T.);
#1160 = EDGE_CURVE('',#1152,#1161,#1163,.T.);
#1161 = VERTEX_POINT('',#1162);
#1162 = CARTESIAN_POINT('',(85.,-3.5,-8.291254372252));
#1163 = CIRCLE('',#1164,17.937391114652);
#1164 = AXIS2_PLACEMENT_3D('',#1165,#1166,#1167);
#1165 = CARTESIAN_POINT('',(69.,-3.5,-0.182617002139));
#1166 = DIRECTION('',(0.,1.,0.));
#1167 = DIRECTION('',(0.,0.,1.));
#1168 = ORIENTED_EDGE('',*,*,#1169,.T.);
#1169 = EDGE_CURVE('',#1161,#1170,#1172,.T.);
#1170 = VERTEX_POINT('',#1171);
#1171 = CARTESIAN_POINT('',(85.,-2.,-8.428828253374));
#1172 = CIRCLE('',#1173,8.246211251235);
#1173 = AXIS2_PLACEMENT_3D('',#1174,#1175,#1176);
#1174 = CARTESIAN_POINT('',(85.,-2.,-0.182617002139));
#1175 = DIRECTION('',(1.,0.,-0.));
#1176 = DIRECTION('',(0.,0.,1.));
#1177 = ORIENTED_EDGE('',*,*,#1178,.T.);
#1178 = EDGE_CURVE('',#1170,#1179,#1181,.T.);
#1179 = VERTEX_POINT('',#1180);
#1180 = CARTESIAN_POINT('',(86.937391114652,-2.,-1.682617002138));
#1181 = CIRCLE('',#1182,18.);
#1182 = AXIS2_PLACEMENT_3D('',#1183,#1184,#1185);
#1183 = CARTESIAN_POINT('',(69.,-2.,-0.182617002139));
#1184 = DIRECTION('',(-2.449293598295E-16,-1.,0.));
#1185 = DIRECTION('',(1.,-2.449293598295E-16,0.));
#1186 = ORIENTED_EDGE('',*,*,#1187,.T.);
#1187 = EDGE_CURVE('',#1179,#1188,#1190,.T.);
#1188 = VERTEX_POINT('',#1189);
#1189 = CARTESIAN_POINT('',(87.,-2.,-0.182617002139));
#1190 = CIRCLE('',#1191,18.);
#1191 = AXIS2_PLACEMENT_3D('',#1192,#1193,#1194);
#1192 = CARTESIAN_POINT('',(69.,-2.,-0.182617002139));
#1193 = DIRECTION('',(-2.449293598295E-16,-1.,0.));
#1194 = DIRECTION('',(1.,-2.449293598295E-16,0.));
#1195 = ORIENTED_EDGE('',*,*,#1196,.F.);
#1196 = EDGE_CURVE('',#1197,#1188,#1199,.T.);
#1197 = VERTEX_POINT('',#1198);
#1198 = CARTESIAN_POINT('',(86.936911046804,-3.5,-0.313849997427));
#1199 = CIRCLE('',#1200,18.);
#1200 = AXIS2_PLACEMENT_3D('',#1201,#1202,#1203);
#1201 = CARTESIAN_POINT('',(69.,-2.,-0.182617002139));
#1202 = DIRECTION('',(0.,-8.715574274766E-02,0.996194698092));
#1203 = DIRECTION('',(0.,-0.996194698092,-8.715574274766E-02));
#1204 = ORIENTED_EDGE('',*,*,#1205,.F.);
#1205 = EDGE_CURVE('',#1141,#1197,#1206,.T.);
#1206 = CIRCLE('',#1207,18.);
#1207 = AXIS2_PLACEMENT_3D('',#1208,#1209,#1210);
#1208 = CARTESIAN_POINT('',(69.,-2.,-0.182617002139));
#1209 = DIRECTION('',(0.,-8.715574274766E-02,0.996194698092));
#1210 = DIRECTION('',(0.,-0.996194698092,-8.715574274766E-02));
#1211 = SPHERICAL_SURFACE('',#1212,18.);
#1212 = AXIS2_PLACEMENT_3D('',#1213,#1214,#1215);
#1213 = CARTESIAN_POINT('',(69.,-2.,-0.182617002139));
#1214 = DIRECTION('',(0.,0.,1.));
#1215 = DIRECTION('',(1.,0.,0.));
#1216 = ADVANCED_FACE('',(#1217),#1261,.T.);
#1217 = FACE_BOUND('',#1218,.T.);
#1218 = EDGE_LOOP('',(#1219,#1230,#1237,#1246,#1253,#1254));
#1219 = ORIENTED_EDGE('',*,*,#1220,.T.);
#1220 = EDGE_CURVE('',#1221,#1223,#1225,.T.);
#1221 = VERTEX_POINT('',#1222);
#1222 = CARTESIAN_POINT('',(80.438091059718,-3.5,-14.));
#1223 = VERTEX_POINT('',#1224);
#1224 = CARTESIAN_POINT('',(80.536027353054,-2.,-14.));
#1225 = CIRCLE('',#1226,11.536027353054);
#1226 = AXIS2_PLACEMENT_3D('',#1227,#1228,#1229);
#1227 = CARTESIAN_POINT('',(69.,-2.,-14.));
#1228 = DIRECTION('',(0.,0.,1.));
#1229 = DIRECTION('',(1.,0.,0.));
#1230 = ORIENTED_EDGE('',*,*,#1231,.T.);
#1231 = EDGE_CURVE('',#1223,#1095,#1232,.T.);
#1232 = CIRCLE('',#1233,18.);
#1233 = AXIS2_PLACEMENT_3D('',#1234,#1235,#1236);
#1234 = CARTESIAN_POINT('',(69.,-2.,-0.182617002139));
#1235 = DIRECTION('',(-2.449293598295E-16,-1.,0.));
#1236 = DIRECTION('',(1.,-2.449293598295E-16,0.));
#1237 = ORIENTED_EDGE('',*,*,#1238,.T.);
#1238 = EDGE_CURVE('',#1095,#1239,#1241,.T.);
#1239 = VERTEX_POINT('',#1240);
#1240 = CARTESIAN_POINT('',(84.278069932816,-2.,-9.7));
#1241 = CIRCLE('',#1242,18.);
#1242 = AXIS2_PLACEMENT_3D('',#1243,#1244,#1245);
#1243 = CARTESIAN_POINT('',(69.,-2.,-0.182617002139));
#1244 = DIRECTION('',(-2.449293598295E-16,-1.,0.));
#1245 = DIRECTION('',(1.,-2.449293598295E-16,0.));
#1246 = ORIENTED_EDGE('',*,*,#1247,.T.);
#1247 = EDGE_CURVE('',#1239,#1170,#1248,.T.);
#1248 = CIRCLE('',#1249,18.);
#1249 = AXIS2_PLACEMENT_3D('',#1250,#1251,#1252);
#1250 = CARTESIAN_POINT('',(69.,-2.,-0.182617002139));
#1251 = DIRECTION('',(-2.449293598295E-16,-1.,0.));
#1252 = DIRECTION('',(1.,-2.449293598295E-16,0.));
#1253 = ORIENTED_EDGE('',*,*,#1169,.F.);
#1254 = ORIENTED_EDGE('',*,*,#1255,.T.);
#1255 = EDGE_CURVE('',#1161,#1221,#1256,.T.);
#1256 = CIRCLE('',#1257,17.937391114652);
#1257 = AXIS2_PLACEMENT_3D('',#1258,#1259,#1260);
#1258 = CARTESIAN_POINT('',(69.,-3.5,-0.182617002139));
#1259 = DIRECTION('',(0.,1.,0.));
#1260 = DIRECTION('',(0.,0.,1.));
#1261 = SPHERICAL_SURFACE('',#1262,18.);
#1262 = AXIS2_PLACEMENT_3D('',#1263,#1264,#1265);
#1263 = CARTESIAN_POINT('',(69.,-2.,-0.182617002139));
#1264 = DIRECTION('',(0.,0.,1.));
#1265 = DIRECTION('',(1.,0.,0.));
#1266 = ADVANCED_FACE('',(#1267),#1321,.T.);
#1267 = FACE_BOUND('',#1268,.T.);
#1268 = EDGE_LOOP('',(#1269,#1278,#1285,#1294,#1303,#1312,#1319,#1320));
#1269 = ORIENTED_EDGE('',*,*,#1270,.T.);
#1270 = EDGE_CURVE('',#1143,#1271,#1273,.T.);
#1271 = VERTEX_POINT('',#1272);
#1272 = CARTESIAN_POINT('',(69.,-3.5,-18.12000811679));
#1273 = CIRCLE('',#1274,18.);
#1274 = AXIS2_PLACEMENT_3D('',#1275,#1276,#1277);
#1275 = CARTESIAN_POINT('',(69.,-2.,-0.182617002139));
#1276 = DIRECTION('',(1.,0.,-0.));
#1277 = DIRECTION('',(0.,0.,1.));
#1278 = ORIENTED_EDGE('',*,*,#1279,.F.);
#1279 = EDGE_CURVE('',#1221,#1271,#1280,.T.);
#1280 = CIRCLE('',#1281,17.937391114652);
#1281 = AXIS2_PLACEMENT_3D('',#1282,#1283,#1284);
#1282 = CARTESIAN_POINT('',(69.,-3.5,-0.182617002139));
#1283 = DIRECTION('',(0.,1.,0.));
#1284 = DIRECTION('',(0.,0.,1.));
#1285 = ORIENTED_EDGE('',*,*,#1286,.F.);
#1286 = EDGE_CURVE('',#1287,#1221,#1289,.T.);
#1287 = VERTEX_POINT('',#1288);
#1288 = CARTESIAN_POINT('',(75.,-11.8529146495,-14.));
#1289 = CIRCLE('',#1290,11.536027353054);
#1290 = AXIS2_PLACEMENT_3D('',#1291,#1292,#1293);
#1291 = CARTESIAN_POINT('',(69.,-2.,-14.));
#1292 = DIRECTION('',(0.,0.,1.));
#1293 = DIRECTION('',(1.,0.,0.));
#1294 = ORIENTED_EDGE('',*,*,#1295,.F.);
#1295 = EDGE_CURVE('',#1296,#1287,#1298,.T.);
#1296 = VERTEX_POINT('',#1297);
#1297 = CARTESIAN_POINT('',(75.,-17.06281922698,-8.));
#1298 = CIRCLE('',#1299,16.970562748477);
#1299 = AXIS2_PLACEMENT_3D('',#1300,#1301,#1302);
#1300 = CARTESIAN_POINT('',(75.,-2.,-0.182617002139));
#1301 = DIRECTION('',(1.,0.,-0.));
#1302 = DIRECTION('',(0.,0.,1.));
#1303 = ORIENTED_EDGE('',*,*,#1304,.T.);
#1304 = EDGE_CURVE('',#1296,#1305,#1307,.T.);
#1305 = VERTEX_POINT('',#1306);
#1306 = CARTESIAN_POINT('',(85.,-4.624599600843,-8.));
#1307 = CIRCLE('',#1308,16.213837394792);
#1308 = AXIS2_PLACEMENT_3D('',#1309,#1310,#1311);
#1309 = CARTESIAN_POINT('',(69.,-2.,-8.));
#1310 = DIRECTION('',(0.,0.,1.));
#1311 = DIRECTION('',(1.,0.,0.));
#1312 = ORIENTED_EDGE('',*,*,#1313,.T.);
#1313 = EDGE_CURVE('',#1305,#1161,#1314,.T.);
#1314 = CIRCLE('',#1315,8.246211251235);
#1315 = AXIS2_PLACEMENT_3D('',#1316,#1317,#1318);
#1316 = CARTESIAN_POINT('',(85.,-2.,-0.182617002139));
#1317 = DIRECTION('',(1.,0.,-0.));
#1318 = DIRECTION('',(0.,0.,1.));
#1319 = ORIENTED_EDGE('',*,*,#1160,.F.);
#1320 = ORIENTED_EDGE('',*,*,#1151,.F.);
#1321 = SPHERICAL_SURFACE('',#1322,18.);
#1322 = AXIS2_PLACEMENT_3D('',#1323,#1324,#1325);
#1323 = CARTESIAN_POINT('',(69.,-2.,-0.182617002139));
#1324 = DIRECTION('',(0.,0.,1.));
#1325 = DIRECTION('',(1.,0.,0.));
#1326 = ADVANCED_FACE('',(#1327),#1347,.T.);
#1327 = FACE_BOUND('',#1328,.T.);
#1328 = EDGE_LOOP('',(#1329,#1338,#1345,#1346));
#1329 = ORIENTED_EDGE('',*,*,#1330,.T.);
#1330 = EDGE_CURVE('',#1271,#1331,#1333,.T.);
#1331 = VERTEX_POINT('',#1332);
#1332 = CARTESIAN_POINT('',(69.,-2.,-18.18261700213));
#1333 = CIRCLE('',#1334,18.);
#1334 = AXIS2_PLACEMENT_3D('',#1335,#1336,#1337);
#1335 = CARTESIAN_POINT('',(69.,-2.,-0.182617002139));
#1336 = DIRECTION('',(1.,0.,-0.));
#1337 = DIRECTION('',(0.,0.,1.));
#1338 = ORIENTED_EDGE('',*,*,#1339,.T.);
#1339 = EDGE_CURVE('',#1331,#1223,#1340,.T.);
#1340 = CIRCLE('',#1341,18.);
#1341 = AXIS2_PLACEMENT_3D('',#1342,#1343,#1344);
#1342 = CARTESIAN_POINT('',(69.,-2.,-0.182617002139));
#1343 = DIRECTION('',(-2.449293598295E-16,-1.,0.));
#1344 = DIRECTION('',(1.,-2.449293598295E-16,0.));
#1345 = ORIENTED_EDGE('',*,*,#1220,.F.);
#1346 = ORIENTED_EDGE('',*,*,#1279,.T.);
#1347 = SPHERICAL_SURFACE('',#1348,18.);
#1348 = AXIS2_PLACEMENT_3D('',#1349,#1350,#1351);
#1349 = CARTESIAN_POINT('',(69.,-2.,-0.182617002139));
#1350 = DIRECTION('',(0.,0.,1.));
#1351 = DIRECTION('',(1.,0.,0.));
#1352 = ADVANCED_FACE('',(#1353),#1360,.T.);
#1353 = FACE_BOUND('',#1354,.T.);
#1354 = EDGE_LOOP('',(#1355,#1356,#1357,#1358,#1359));
#1355 = ORIENTED_EDGE('',*,*,#1286,.T.);
#1356 = ORIENTED_EDGE('',*,*,#1255,.F.);
#1357 = ORIENTED_EDGE('',*,*,#1313,.F.);
#1358 = ORIENTED_EDGE('',*,*,#1304,.F.);
#1359 = ORIENTED_EDGE('',*,*,#1295,.T.);
#1360 = SPHERICAL_SURFACE('',#1361,18.);
#1361 = AXIS2_PLACEMENT_3D('',#1362,#1363,#1364);
#1362 = CARTESIAN_POINT('',(69.,-2.,-0.182617002139));
#1363 = DIRECTION('',(0.,0.,1.));
#1364 = DIRECTION('',(1.,0.,0.));
#1365 = ADVANCED_FACE('',(#1366),#1384,.F.);
#1366 = FACE_BOUND('',#1367,.F.);
#1367 = EDGE_LOOP('',(#1368,#1369,#1377,#1383));
#1368 = ORIENTED_EDGE('',*,*,#1238,.T.);
#1369 = ORIENTED_EDGE('',*,*,#1370,.T.);
#1370 = EDGE_CURVE('',#1239,#1371,#1373,.T.);
#1371 = VERTEX_POINT('',#1372);
#1372 = CARTESIAN_POINT('',(84.9,-2.,-9.7));
#1373 = LINE('',#1374,#1375);
#1374 = CARTESIAN_POINT('',(75.1,-2.,-9.7));
#1375 = VECTOR('',#1376,1.);
#1376 = DIRECTION('',(1.,0.,0.));
#1377 = ORIENTED_EDGE('',*,*,#1378,.T.);
#1378 = EDGE_CURVE('',#1371,#1103,#1379,.T.);
#1379 = LINE('',#1380,#1381);
#1380 = CARTESIAN_POINT('',(84.9,-2.,-9.7));
#1381 = VECTOR('',#1382,1.);
#1382 = DIRECTION('',(0.,0.,-1.));
#1383 = ORIENTED_EDGE('',*,*,#1102,.F.);
#1384 = PLANE('',#1385);
#1385 = AXIS2_PLACEMENT_3D('',#1386,#1387,#1388);
#1386 = CARTESIAN_POINT('',(75.1,-2.,-9.7));
#1387 = DIRECTION('',(0.,1.,0.));
#1388 = DIRECTION('',(0.,0.,-1.));
#1389 = ADVANCED_FACE('',(#1390),#1430,.F.);
#1390 = FACE_BOUND('',#1391,.F.);
#1391 = EDGE_LOOP('',(#1392,#1402,#1408,#1409,#1415,#1416,#1424));
#1392 = ORIENTED_EDGE('',*,*,#1393,.T.);
#1393 = EDGE_CURVE('',#1394,#1396,#1398,.T.);
#1394 = VERTEX_POINT('',#1395);
#1395 = CARTESIAN_POINT('',(75.1,2.5,-9.9));
#1396 = VERTEX_POINT('',#1397);
#1397 = CARTESIAN_POINT('',(84.9,2.5,-9.9));
#1398 = LINE('',#1399,#1400);
#1399 = CARTESIAN_POINT('',(75.1,2.5,-9.9));
#1400 = VECTOR('',#1401,1.);
#1401 = DIRECTION('',(1.,0.,0.));
#1402 = ORIENTED_EDGE('',*,*,#1403,.T.);
#1403 = EDGE_CURVE('',#1396,#1371,#1404,.T.);
#1404 = LINE('',#1405,#1406);
#1405 = CARTESIAN_POINT('',(84.9,2.5,-9.9));
#1406 = VECTOR('',#1407,1.);
#1407 = DIRECTION('',(0.,-0.999013806466,4.440061362072E-02));
#1408 = ORIENTED_EDGE('',*,*,#1370,.F.);
#1409 = ORIENTED_EDGE('',*,*,#1410,.F.);
#1410 = EDGE_CURVE('',#532,#1239,#1411,.T.);
#1411 = LINE('',#1412,#1413);
#1412 = CARTESIAN_POINT('',(75.1,-2.,-9.7));
#1413 = VECTOR('',#1414,1.);
#1414 = DIRECTION('',(1.,0.,0.));
#1415 = ORIENTED_EDGE('',*,*,#772,.F.);
#1416 = ORIENTED_EDGE('',*,*,#1417,.F.);
#1417 = EDGE_CURVE('',#1418,#764,#1420,.T.);
#1418 = VERTEX_POINT('',#1419);
#1419 = CARTESIAN_POINT('',(75.1,-2.,-9.7));
#1420 = LINE('',#1421,#1422);
#1421 = CARTESIAN_POINT('',(75.1,-2.,-9.7));
#1422 = VECTOR('',#1423,1.);
#1423 = DIRECTION('',(1.,0.,0.));
#1424 = ORIENTED_EDGE('',*,*,#1425,.F.);
#1425 = EDGE_CURVE('',#1394,#1418,#1426,.T.);
#1426 = LINE('',#1427,#1428);
#1427 = CARTESIAN_POINT('',(75.1,2.5,-9.9));
#1428 = VECTOR('',#1429,1.);
#1429 = DIRECTION('',(0.,-0.999013806466,4.440061362072E-02));
#1430 = PLANE('',#1431);
#1431 = AXIS2_PLACEMENT_3D('',#1432,#1433,#1434);
#1432 = CARTESIAN_POINT('',(75.1,2.5,-9.9));
#1433 = DIRECTION('',(0.,-4.440061362072E-02,-0.999013806466));
#1434 = DIRECTION('',(0.,-0.999013806466,4.440061362072E-02));
#1435 = ADVANCED_FACE('',(#1436),#1447,.T.);
#1436 = FACE_BOUND('',#1437,.T.);
#1437 = EDGE_LOOP('',(#1438,#1439,#1445,#1446));
#1438 = ORIENTED_EDGE('',*,*,#1110,.T.);
#1439 = ORIENTED_EDGE('',*,*,#1440,.T.);
#1440 = EDGE_CURVE('',#1111,#1396,#1441,.T.);
#1441 = LINE('',#1442,#1443);
#1442 = CARTESIAN_POINT('',(84.9,2.5,-12.1));
#1443 = VECTOR('',#1444,1.);
#1444 = DIRECTION('',(0.,0.,1.));
#1445 = ORIENTED_EDGE('',*,*,#1403,.T.);
#1446 = ORIENTED_EDGE('',*,*,#1378,.T.);
#1447 = PLANE('',#1448);
#1448 = AXIS2_PLACEMENT_3D('',#1449,#1450,#1451);
#1449 = CARTESIAN_POINT('',(84.9,0.184824568939,-11.));
#1450 = DIRECTION('',(1.,0.,0.));
#1451 = DIRECTION('',(0.,0.,1.));
#1452 = ADVANCED_FACE('',(#1453),#1464,.F.);
#1453 = FACE_BOUND('',#1454,.F.);
#1454 = EDGE_LOOP('',(#1455,#1456,#1462,#1463));
#1455 = ORIENTED_EDGE('',*,*,#324,.T.);
#1456 = ORIENTED_EDGE('',*,*,#1457,.T.);
#1457 = EDGE_CURVE('',#317,#1040,#1458,.T.);
#1458 = LINE('',#1459,#1460);
#1459 = CARTESIAN_POINT('',(15.1,2.5,-12.1));
#1460 = VECTOR('',#1461,1.);
#1461 = DIRECTION('',(0.,0.,1.));
#1462 = ORIENTED_EDGE('',*,*,#1071,.T.);
#1463 = ORIENTED_EDGE('',*,*,#252,.T.);
#1464 = PLANE('',#1465);
#1465 = AXIS2_PLACEMENT_3D('',#1466,#1467,#1468);
#1466 = CARTESIAN_POINT('',(15.1,0.184824568939,-11.));
#1467 = DIRECTION('',(1.,0.,0.));
#1468 = DIRECTION('',(0.,0.,1.));
#1469 = ADVANCED_FACE('',(#1470),#1481,.F.);
#1470 = FACE_BOUND('',#1471,.F.);
#1471 = EDGE_LOOP('',(#1472,#1473,#1479,#1480));
#1472 = ORIENTED_EDGE('',*,*,#316,.T.);
#1473 = ORIENTED_EDGE('',*,*,#1474,.T.);
#1474 = EDGE_CURVE('',#309,#1042,#1475,.T.);
#1475 = LINE('',#1476,#1477);
#1476 = CARTESIAN_POINT('',(24.9,2.5,-12.1));
#1477 = VECTOR('',#1478,1.);
#1478 = DIRECTION('',(0.,0.,1.));
#1479 = ORIENTED_EDGE('',*,*,#1039,.F.);
#1480 = ORIENTED_EDGE('',*,*,#1457,.F.);
#1481 = PLANE('',#1482);
#1482 = AXIS2_PLACEMENT_3D('',#1483,#1484,#1485);
#1483 = CARTESIAN_POINT('',(15.1,2.5,-12.1));
#1484 = DIRECTION('',(0.,-1.,0.));
#1485 = DIRECTION('',(0.,0.,1.));
#1486 = ADVANCED_FACE('',(#1487),#1498,.T.);
#1487 = FACE_BOUND('',#1488,.T.);
#1488 = EDGE_LOOP('',(#1489,#1490,#1491,#1492));
#1489 = ORIENTED_EDGE('',*,*,#308,.T.);
#1490 = ORIENTED_EDGE('',*,*,#1474,.T.);
#1491 = ORIENTED_EDGE('',*,*,#1049,.T.);
#1492 = ORIENTED_EDGE('',*,*,#1493,.T.);
#1493 = EDGE_CURVE('',#1050,#301,#1494,.T.);
#1494 = LINE('',#1495,#1496);
#1495 = CARTESIAN_POINT('',(24.9,-2.,-9.7));
#1496 = VECTOR('',#1497,1.);
#1497 = DIRECTION('',(0.,0.,-1.));
#1498 = PLANE('',#1499);
#1499 = AXIS2_PLACEMENT_3D('',#1500,#1501,#1502);
#1500 = CARTESIAN_POINT('',(24.9,0.184824568939,-11.));
#1501 = DIRECTION('',(1.,0.,0.));
#1502 = DIRECTION('',(0.,0.,1.));
#1503 = ADVANCED_FACE('',(#1504),#1515,.F.);
#1504 = FACE_BOUND('',#1505,.F.);
#1505 = EDGE_LOOP('',(#1506,#1507,#1508,#1509));
#1506 = ORIENTED_EDGE('',*,*,#1118,.T.);
#1507 = ORIENTED_EDGE('',*,*,#1440,.T.);
#1508 = ORIENTED_EDGE('',*,*,#1393,.F.);
#1509 = ORIENTED_EDGE('',*,*,#1510,.F.);
#1510 = EDGE_CURVE('',#1119,#1394,#1511,.T.);
#1511 = LINE('',#1512,#1513);
#1512 = CARTESIAN_POINT('',(75.1,2.5,-12.1));
#1513 = VECTOR('',#1514,1.);
#1514 = DIRECTION('',(0.,0.,1.));
#1515 = PLANE('',#1516);
#1516 = AXIS2_PLACEMENT_3D('',#1517,#1518,#1519);
#1517 = CARTESIAN_POINT('',(75.1,2.5,-12.1));
#1518 = DIRECTION('',(0.,-1.,0.));
#1519 = DIRECTION('',(0.,0.,1.));
#1520 = ADVANCED_FACE('',(#1521),#1532,.F.);
#1521 = FACE_BOUND('',#1522,.F.);
#1522 = EDGE_LOOP('',(#1523,#1524,#1525,#1526));
#1523 = ORIENTED_EDGE('',*,*,#1126,.T.);
#1524 = ORIENTED_EDGE('',*,*,#1510,.T.);
#1525 = ORIENTED_EDGE('',*,*,#1425,.T.);
#1526 = ORIENTED_EDGE('',*,*,#1527,.T.);
#1527 = EDGE_CURVE('',#1418,#1086,#1528,.T.);
#1528 = LINE('',#1529,#1530);
#1529 = CARTESIAN_POINT('',(75.1,-2.,-9.7));
#1530 = VECTOR('',#1531,1.);
#1531 = DIRECTION('',(0.,0.,-1.));
#1532 = PLANE('',#1533);
#1533 = AXIS2_PLACEMENT_3D('',#1534,#1535,#1536);
#1534 = CARTESIAN_POINT('',(75.1,0.184824568939,-11.));
#1535 = DIRECTION('',(1.,0.,0.));
#1536 = DIRECTION('',(0.,0.,1.));
#1537 = ADVANCED_FACE('',(#1538),#1569,.T.);
#1538 = FACE_BOUND('',#1539,.T.);
#1539 = EDGE_LOOP('',(#1540,#1541,#1542,#1543,#1549,#1550,#1551,#1557,
    #1558,#1559,#1565,#1566,#1567,#1568));
#1540 = ORIENTED_EDGE('',*,*,#349,.F.);
#1541 = ORIENTED_EDGE('',*,*,#358,.F.);
#1542 = ORIENTED_EDGE('',*,*,#367,.F.);
#1543 = ORIENTED_EDGE('',*,*,#1544,.F.);
#1544 = EDGE_CURVE('',#42,#368,#1545,.T.);
#1545 = LINE('',#1546,#1547);
#1546 = CARTESIAN_POINT('',(-32.,-2.,-0.182617002139));
#1547 = VECTOR('',#1548,1.);
#1548 = DIRECTION('',(1.,0.,0.));
#1549 = ORIENTED_EDGE('',*,*,#41,.T.);
#1550 = ORIENTED_EDGE('',*,*,#32,.T.);
#1551 = ORIENTED_EDGE('',*,*,#1552,.T.);
#1552 = EDGE_CURVE('',#22,#1141,#1553,.T.);
#1553 = LINE('',#1554,#1555);
#1554 = CARTESIAN_POINT('',(31.,-19.93150456565,-1.751420371596));
#1555 = VECTOR('',#1556,1.);
#1556 = DIRECTION('',(1.,0.,0.));
#1557 = ORIENTED_EDGE('',*,*,#1205,.T.);
#1558 = ORIENTED_EDGE('',*,*,#1196,.T.);
#1559 = ORIENTED_EDGE('',*,*,#1560,.F.);
#1560 = EDGE_CURVE('',#568,#1188,#1561,.T.);
#1561 = LINE('',#1562,#1563);
#1562 = CARTESIAN_POINT('',(-32.,-2.,-0.182617002139));
#1563 = VECTOR('',#1564,1.);
#1564 = DIRECTION('',(1.,0.,0.));
#1565 = ORIENTED_EDGE('',*,*,#576,.F.);
#1566 = ORIENTED_EDGE('',*,*,#585,.F.);
#1567 = ORIENTED_EDGE('',*,*,#594,.F.);
#1568 = ORIENTED_EDGE('',*,*,#470,.F.);
#1569 = PLANE('',#1570);
#1570 = AXIS2_PLACEMENT_3D('',#1571,#1572,#1573);
#1571 = CARTESIAN_POINT('',(50.,-15.23717541633,-1.340719788172));
#1572 = DIRECTION('',(0.,-8.715574274766E-02,0.996194698092));
#1573 = DIRECTION('',(0.,0.996194698092,8.715574274766E-02));
#1574 = ADVANCED_FACE('',(#1575),#1642,.T.);
#1575 = FACE_BOUND('',#1576,.T.);
#1576 = EDGE_LOOP('',(#1577,#1585,#1586,#1587,#1588,#1589,#1590,#1591,
    #1592,#1600,#1609,#1618,#1626,#1635));
#1577 = ORIENTED_EDGE('',*,*,#1578,.F.);
#1578 = EDGE_CURVE('',#821,#1579,#1581,.T.);
#1579 = VERTEX_POINT('',#1580);
#1580 = CARTESIAN_POINT('',(16.5,-2.,-0.182617002138));
#1581 = LINE('',#1582,#1583);
#1582 = CARTESIAN_POINT('',(-32.,-2.,-0.182617002139));
#1583 = VECTOR('',#1584,1.);
#1584 = DIRECTION('',(1.,0.,0.));
#1585 = ORIENTED_EDGE('',*,*,#820,.T.);
#1586 = ORIENTED_EDGE('',*,*,#811,.T.);
#1587 = ORIENTED_EDGE('',*,*,#802,.T.);
#1588 = ORIENTED_EDGE('',*,*,#899,.T.);
#1589 = ORIENTED_EDGE('',*,*,#1004,.T.);
#1590 = ORIENTED_EDGE('',*,*,#995,.T.);
#1591 = ORIENTED_EDGE('',*,*,#986,.T.);
#1592 = ORIENTED_EDGE('',*,*,#1593,.F.);
#1593 = EDGE_CURVE('',#1594,#978,#1596,.T.);
#1594 = VERTEX_POINT('',#1595);
#1595 = CARTESIAN_POINT('',(83.5,-2.,-0.182617002139));
#1596 = LINE('',#1597,#1598);
#1597 = CARTESIAN_POINT('',(-32.,-2.,-0.182617002139));
#1598 = VECTOR('',#1599,1.);
#1599 = DIRECTION('',(1.,0.,0.));
#1600 = ORIENTED_EDGE('',*,*,#1601,.F.);
#1601 = EDGE_CURVE('',#1602,#1594,#1604,.T.);
#1602 = VERTEX_POINT('',#1603);
#1603 = CARTESIAN_POINT('',(83.421608020639,-3.5,-0.313849997427));
#1604 = CIRCLE('',#1605,14.5);
#1605 = AXIS2_PLACEMENT_3D('',#1606,#1607,#1608);
#1606 = CARTESIAN_POINT('',(69.,-2.,-0.182617002139));
#1607 = DIRECTION('',(0.,-8.715574274766E-02,0.996194698092));
#1608 = DIRECTION('',(0.,-0.996194698092,-8.715574274766E-02));
#1609 = ORIENTED_EDGE('',*,*,#1610,.F.);
#1610 = EDGE_CURVE('',#1611,#1602,#1613,.T.);
#1611 = VERTEX_POINT('',#1612);
#1612 = CARTESIAN_POINT('',(69.,-16.44482312233,-1.44637527198));
#1613 = CIRCLE('',#1614,14.5);
#1614 = AXIS2_PLACEMENT_3D('',#1615,#1616,#1617);
#1615 = CARTESIAN_POINT('',(69.,-2.,-0.182617002139));
#1616 = DIRECTION('',(0.,-8.715574274766E-02,0.996194698092));
#1617 = DIRECTION('',(0.,-0.996194698092,-8.715574274766E-02));
#1618 = ORIENTED_EDGE('',*,*,#1619,.F.);
#1619 = EDGE_CURVE('',#1620,#1611,#1622,.T.);
#1620 = VERTEX_POINT('',#1621);
#1621 = CARTESIAN_POINT('',(31.,-16.44482312233,-1.44637527198));
#1622 = LINE('',#1623,#1624);
#1623 = CARTESIAN_POINT('',(31.,-16.44482312233,-1.44637527198));
#1624 = VECTOR('',#1625,1.);
#1625 = DIRECTION('',(1.,0.,0.));
#1626 = ORIENTED_EDGE('',*,*,#1627,.F.);
#1627 = EDGE_CURVE('',#1628,#1620,#1630,.T.);
#1628 = VERTEX_POINT('',#1629);
#1629 = CARTESIAN_POINT('',(16.578391979361,-3.5,-0.313849997427));
#1630 = CIRCLE('',#1631,14.5);
#1631 = AXIS2_PLACEMENT_3D('',#1632,#1633,#1634);
#1632 = CARTESIAN_POINT('',(31.,-2.,-0.182617002139));
#1633 = DIRECTION('',(0.,-8.715574274766E-02,0.996194698092));
#1634 = DIRECTION('',(0.,-0.996194698092,-8.715574274766E-02));
#1635 = ORIENTED_EDGE('',*,*,#1636,.F.);
#1636 = EDGE_CURVE('',#1579,#1628,#1637,.T.);
#1637 = CIRCLE('',#1638,14.5);
#1638 = AXIS2_PLACEMENT_3D('',#1639,#1640,#1641);
#1639 = CARTESIAN_POINT('',(31.,-2.,-0.182617002139));
#1640 = DIRECTION('',(0.,-8.715574274766E-02,0.996194698092));
#1641 = DIRECTION('',(0.,-0.996194698092,-8.715574274766E-02));
#1642 = PLANE('',#1643);
#1643 = AXIS2_PLACEMENT_3D('',#1644,#1645,#1646);
#1644 = CARTESIAN_POINT('',(50.,-13.68701552301,-1.205098370854));
#1645 = DIRECTION('',(0.,-8.715574274766E-02,0.996194698092));
#1646 = DIRECTION('',(0.,0.996194698092,8.715574274766E-02));
#1647 = ADVANCED_FACE('',(#1648),#1704,.F.);
#1648 = FACE_BOUND('',#1649,.F.);
#1649 = EDGE_LOOP('',(#1650,#1659,#1660,#1661,#1670,#1679,#1688,#1697));
#1650 = ORIENTED_EDGE('',*,*,#1651,.F.);
#1651 = EDGE_CURVE('',#1620,#1652,#1654,.T.);
#1652 = VERTEX_POINT('',#1653);
#1653 = CARTESIAN_POINT('',(31.,-16.23767839056,-2.928252456241));
#1654 = CIRCLE('',#1655,14.5);
#1655 = AXIS2_PLACEMENT_3D('',#1656,#1657,#1658);
#1656 = CARTESIAN_POINT('',(31.,-2.,-0.182617002139));
#1657 = DIRECTION('',(1.,0.,-0.));
#1658 = DIRECTION('',(0.,0.,1.));
#1659 = ORIENTED_EDGE('',*,*,#1627,.F.);
#1660 = ORIENTED_EDGE('',*,*,#1636,.F.);
#1661 = ORIENTED_EDGE('',*,*,#1662,.F.);
#1662 = EDGE_CURVE('',#1663,#1579,#1665,.T.);
#1663 = VERTEX_POINT('',#1664);
#1664 = CARTESIAN_POINT('',(16.577794898144,-2.,-1.682617002138));
#1665 = CIRCLE('',#1666,14.5);
#1666 = AXIS2_PLACEMENT_3D('',#1667,#1668,#1669);
#1667 = CARTESIAN_POINT('',(31.,-2.,-0.182617002139));
#1668 = DIRECTION('',(0.,1.,0.));
#1669 = DIRECTION('',(0.,0.,1.));
#1670 = ORIENTED_EDGE('',*,*,#1671,.F.);
#1671 = EDGE_CURVE('',#1672,#1663,#1674,.T.);
#1672 = VERTEX_POINT('',#1673);
#1673 = CARTESIAN_POINT('',(18.787771576623,-2.,-8.));
#1674 = CIRCLE('',#1675,14.5);
#1675 = AXIS2_PLACEMENT_3D('',#1676,#1677,#1678);
#1676 = CARTESIAN_POINT('',(31.,-2.,-0.182617002139));
#1677 = DIRECTION('',(0.,1.,0.));
#1678 = DIRECTION('',(0.,0.,1.));
#1679 = ORIENTED_EDGE('',*,*,#1680,.T.);
#1680 = EDGE_CURVE('',#1672,#1681,#1683,.T.);
#1681 = VERTEX_POINT('',#1682);
#1682 = CARTESIAN_POINT('',(18.880242450249,-3.5,-8.));
#1683 = CIRCLE('',#1684,12.212228423377);
#1684 = AXIS2_PLACEMENT_3D('',#1685,#1686,#1687);
#1685 = CARTESIAN_POINT('',(31.,-2.,-8.));
#1686 = DIRECTION('',(0.,0.,1.));
#1687 = DIRECTION('',(1.,0.,0.));
#1688 = ORIENTED_EDGE('',*,*,#1689,.T.);
#1689 = EDGE_CURVE('',#1681,#1690,#1692,.T.);
#1690 = VERTEX_POINT('',#1691);
#1691 = CARTESIAN_POINT('',(16.670342679775,-3.5,-1.813849997427));
#1692 = CIRCLE('',#1693,14.422205101856);
#1693 = AXIS2_PLACEMENT_3D('',#1694,#1695,#1696);
#1694 = CARTESIAN_POINT('',(31.,-3.5,-0.182617002139));
#1695 = DIRECTION('',(0.,1.,0.));
#1696 = DIRECTION('',(0.,0.,1.));
#1697 = ORIENTED_EDGE('',*,*,#1698,.T.);
#1698 = EDGE_CURVE('',#1690,#1652,#1699,.T.);
#1699 = CIRCLE('',#1700,14.422797623133);
#1700 = AXIS2_PLACEMENT_3D('',#1701,#1702,#1703);
#1701 = CARTESIAN_POINT('',(31.,-1.86976386675,-1.671222816898));
#1702 = DIRECTION('',(0.,-8.715574274766E-02,0.996194698092));
#1703 = DIRECTION('',(0.,-0.996194698092,-8.715574274766E-02));
#1704 = SPHERICAL_SURFACE('',#1705,14.5);
#1705 = AXIS2_PLACEMENT_3D('',#1706,#1707,#1708);
#1706 = CARTESIAN_POINT('',(31.,-2.,-0.182617002139));
#1707 = DIRECTION('',(0.,0.,1.));
#1708 = DIRECTION('',(1.,0.,0.));
#1709 = ADVANCED_FACE('',(#1710),#1729,.F.);
#1710 = FACE_BOUND('',#1711,.F.);
#1711 = EDGE_LOOP('',(#1712,#1713,#1714,#1722));
#1712 = ORIENTED_EDGE('',*,*,#1619,.F.);
#1713 = ORIENTED_EDGE('',*,*,#1651,.T.);
#1714 = ORIENTED_EDGE('',*,*,#1715,.T.);
#1715 = EDGE_CURVE('',#1652,#1716,#1718,.T.);
#1716 = VERTEX_POINT('',#1717);
#1717 = CARTESIAN_POINT('',(69.,-16.23767839056,-2.928252456241));
#1718 = LINE('',#1719,#1720);
#1719 = CARTESIAN_POINT('',(31.,-16.23767839056,-2.928252456241));
#1720 = VECTOR('',#1721,1.);
#1721 = DIRECTION('',(1.,0.,0.));
#1722 = ORIENTED_EDGE('',*,*,#1723,.F.);
#1723 = EDGE_CURVE('',#1611,#1716,#1724,.T.);
#1724 = CIRCLE('',#1725,14.5);
#1725 = AXIS2_PLACEMENT_3D('',#1726,#1727,#1728);
#1726 = CARTESIAN_POINT('',(69.,-2.,-0.182617002139));
#1727 = DIRECTION('',(1.,0.,-0.));
#1728 = DIRECTION('',(0.,0.,1.));
#1729 = CYLINDRICAL_SURFACE('',#1730,14.5);
#1730 = AXIS2_PLACEMENT_3D('',#1731,#1732,#1733);
#1731 = CARTESIAN_POINT('',(31.,-2.,-0.182617002139));
#1732 = DIRECTION('',(1.,0.,0.));
#1733 = DIRECTION('',(0.,0.,1.));
#1734 = ADVANCED_FACE('',(#1735),#1783,.F.);
#1735 = FACE_BOUND('',#1736,.F.);
#1736 = EDGE_LOOP('',(#1737,#1748,#1757,#1766,#1773,#1774,#1775,#1776));
#1737 = ORIENTED_EDGE('',*,*,#1738,.T.);
#1738 = EDGE_CURVE('',#1739,#1741,#1743,.T.);
#1739 = VERTEX_POINT('',#1740);
#1740 = CARTESIAN_POINT('',(83.329657320225,-3.5,-1.813849997427));
#1741 = VERTEX_POINT('',#1742);
#1742 = CARTESIAN_POINT('',(81.119757549751,-3.5,-8.));
#1743 = CIRCLE('',#1744,14.422205101856);
#1744 = AXIS2_PLACEMENT_3D('',#1745,#1746,#1747);
#1745 = CARTESIAN_POINT('',(69.,-3.5,-0.182617002139));
#1746 = DIRECTION('',(0.,1.,0.));
#1747 = DIRECTION('',(0.,0.,1.));
#1748 = ORIENTED_EDGE('',*,*,#1749,.T.);
#1749 = EDGE_CURVE('',#1741,#1750,#1752,.T.);
#1750 = VERTEX_POINT('',#1751);
#1751 = CARTESIAN_POINT('',(81.212228423377,-2.,-8.));
#1752 = CIRCLE('',#1753,12.212228423377);
#1753 = AXIS2_PLACEMENT_3D('',#1754,#1755,#1756);
#1754 = CARTESIAN_POINT('',(69.,-2.,-8.));
#1755 = DIRECTION('',(0.,0.,1.));
#1756 = DIRECTION('',(1.,0.,0.));
#1757 = ORIENTED_EDGE('',*,*,#1758,.T.);
#1758 = EDGE_CURVE('',#1750,#1759,#1761,.T.);
#1759 = VERTEX_POINT('',#1760);
#1760 = CARTESIAN_POINT('',(83.422205101856,-2.,-1.682617002138));
#1761 = CIRCLE('',#1762,14.5);
#1762 = AXIS2_PLACEMENT_3D('',#1763,#1764,#1765);
#1763 = CARTESIAN_POINT('',(69.,-2.,-0.182617002139));
#1764 = DIRECTION('',(-2.449293598295E-16,-1.,0.));
#1765 = DIRECTION('',(1.,-2.449293598295E-16,0.));
#1766 = ORIENTED_EDGE('',*,*,#1767,.T.);
#1767 = EDGE_CURVE('',#1759,#1594,#1768,.T.);
#1768 = CIRCLE('',#1769,14.5);
#1769 = AXIS2_PLACEMENT_3D('',#1770,#1771,#1772);
#1770 = CARTESIAN_POINT('',(69.,-2.,-0.182617002139));
#1771 = DIRECTION('',(-2.449293598295E-16,-1.,0.));
#1772 = DIRECTION('',(1.,-2.449293598295E-16,0.));
#1773 = ORIENTED_EDGE('',*,*,#1601,.F.);
#1774 = ORIENTED_EDGE('',*,*,#1610,.F.);
#1775 = ORIENTED_EDGE('',*,*,#1723,.T.);
#1776 = ORIENTED_EDGE('',*,*,#1777,.T.);
#1777 = EDGE_CURVE('',#1716,#1739,#1778,.T.);
#1778 = CIRCLE('',#1779,14.422797623133);
#1779 = AXIS2_PLACEMENT_3D('',#1780,#1781,#1782);
#1780 = CARTESIAN_POINT('',(69.,-1.86976386675,-1.671222816898));
#1781 = DIRECTION('',(0.,-8.715574274766E-02,0.996194698092));
#1782 = DIRECTION('',(0.,-0.996194698092,-8.715574274766E-02));
#1783 = SPHERICAL_SURFACE('',#1784,14.5);
#1784 = AXIS2_PLACEMENT_3D('',#1785,#1786,#1787);
#1785 = CARTESIAN_POINT('',(69.,-2.,-0.182617002139));
#1786 = DIRECTION('',(0.,0.,1.));
#1787 = DIRECTION('',(1.,0.,0.));
#1788 = ADVANCED_FACE('',(#1789),#1823,.T.);
#1789 = FACE_BOUND('',#1790,.T.);
#1790 = EDGE_LOOP('',(#1791,#1799,#1808,#1816,#1822));
#1791 = ORIENTED_EDGE('',*,*,#1792,.T.);
#1792 = EDGE_CURVE('',#1681,#1793,#1795,.T.);
#1793 = VERTEX_POINT('',#1794);
#1794 = CARTESIAN_POINT('',(17.120571947492,-3.5,-8.));
#1795 = LINE('',#1796,#1797);
#1796 = CARTESIAN_POINT('',(9.,-3.5,-8.));
#1797 = VECTOR('',#1798,1.);
#1798 = DIRECTION('',(-1.,0.,0.));
#1799 = ORIENTED_EDGE('',*,*,#1800,.T.);
#1800 = EDGE_CURVE('',#1793,#1801,#1803,.T.);
#1801 = VERTEX_POINT('',#1802);
#1802 = CARTESIAN_POINT('',(25.,-14.60509908984,-8.));
#1803 = CIRCLE('',#1804,13.96024795857);
#1804 = AXIS2_PLACEMENT_3D('',#1805,#1806,#1807);
#1805 = CARTESIAN_POINT('',(31.,-2.,-8.));
#1806 = DIRECTION('',(0.,0.,1.));
#1807 = DIRECTION('',(1.,0.,0.));
#1808 = ORIENTED_EDGE('',*,*,#1809,.T.);
#1809 = EDGE_CURVE('',#1801,#1810,#1812,.T.);
#1810 = VERTEX_POINT('',#1811);
#1811 = CARTESIAN_POINT('',(25.,-2.,-8.));
#1812 = LINE('',#1813,#1814);
#1813 = CARTESIAN_POINT('',(25.,-42.,-8.));
#1814 = VECTOR('',#1815,1.);
#1815 = DIRECTION('',(0.,1.,0.));
#1816 = ORIENTED_EDGE('',*,*,#1817,.F.);
#1817 = EDGE_CURVE('',#1672,#1810,#1818,.T.);
#1818 = LINE('',#1819,#1820);
#1819 = CARTESIAN_POINT('',(15.,-2.,-8.));
#1820 = VECTOR('',#1821,1.);
#1821 = DIRECTION('',(1.,0.,0.));
#1822 = ORIENTED_EDGE('',*,*,#1680,.T.);
#1823 = PLANE('',#1824);
#1824 = AXIS2_PLACEMENT_3D('',#1825,#1826,#1827);
#1825 = CARTESIAN_POINT('',(15.,-42.,-8.));
#1826 = DIRECTION('',(0.,0.,1.));
#1827 = DIRECTION('',(1.,0.,0.));
#1828 = ADVANCED_FACE('',(#1829),#1867,.F.);
#1829 = FACE_BOUND('',#1830,.F.);
#1830 = EDGE_LOOP('',(#1831,#1842,#1851,#1860));
#1831 = ORIENTED_EDGE('',*,*,#1832,.T.);
#1832 = EDGE_CURVE('',#1833,#1835,#1837,.T.);
#1833 = VERTEX_POINT('',#1834);
#1834 = CARTESIAN_POINT('',(75.,-3.5,-13.29749405074));
#1835 = VERTEX_POINT('',#1836);
#1836 = CARTESIAN_POINT('',(69.,-3.5,-14.60482210399));
#1837 = CIRCLE('',#1838,14.422205101856);
#1838 = AXIS2_PLACEMENT_3D('',#1839,#1840,#1841);
#1839 = CARTESIAN_POINT('',(69.,-3.5,-0.182617002139));
#1840 = DIRECTION('',(0.,1.,0.));
#1841 = DIRECTION('',(0.,0.,1.));
#1842 = ORIENTED_EDGE('',*,*,#1843,.T.);
#1843 = EDGE_CURVE('',#1835,#1844,#1846,.T.);
#1844 = VERTEX_POINT('',#1845);
#1845 = CARTESIAN_POINT('',(69.,-2.,-14.68261700213));
#1846 = CIRCLE('',#1847,14.5);
#1847 = AXIS2_PLACEMENT_3D('',#1848,#1849,#1850);
#1848 = CARTESIAN_POINT('',(69.,-2.,-0.182617002139));
#1849 = DIRECTION('',(1.,0.,-0.));
#1850 = DIRECTION('',(0.,0.,1.));
#1851 = ORIENTED_EDGE('',*,*,#1852,.T.);
#1852 = EDGE_CURVE('',#1844,#1853,#1855,.T.);
#1853 = VERTEX_POINT('',#1854);
#1854 = CARTESIAN_POINT('',(75.,-2.,-13.38299578458));
#1855 = CIRCLE('',#1856,14.5);
#1856 = AXIS2_PLACEMENT_3D('',#1857,#1858,#1859);
#1857 = CARTESIAN_POINT('',(69.,-2.,-0.182617002139));
#1858 = DIRECTION('',(-2.449293598295E-16,-1.,0.));
#1859 = DIRECTION('',(1.,-2.449293598295E-16,0.));
#1860 = ORIENTED_EDGE('',*,*,#1861,.F.);
#1861 = EDGE_CURVE('',#1833,#1853,#1862,.T.);
#1862 = CIRCLE('',#1863,13.200378782444);
#1863 = AXIS2_PLACEMENT_3D('',#1864,#1865,#1866);
#1864 = CARTESIAN_POINT('',(75.,-2.,-0.182617002139));
#1865 = DIRECTION('',(1.,0.,-0.));
#1866 = DIRECTION('',(0.,0.,1.));
#1867 = SPHERICAL_SURFACE('',#1868,14.5);
#1868 = AXIS2_PLACEMENT_3D('',#1869,#1870,#1871);
#1869 = CARTESIAN_POINT('',(69.,-2.,-0.182617002139));
#1870 = DIRECTION('',(0.,0.,1.));
#1871 = DIRECTION('',(1.,0.,0.));
#1872 = ADVANCED_FACE('',(#1873),#1899,.F.);
#1873 = FACE_BOUND('',#1874,.F.);
#1874 = EDGE_LOOP('',(#1875,#1883,#1892,#1898));
#1875 = ORIENTED_EDGE('',*,*,#1876,.F.);
#1876 = EDGE_CURVE('',#1877,#1835,#1879,.T.);
#1877 = VERTEX_POINT('',#1878);
#1878 = CARTESIAN_POINT('',(31.,-3.5,-14.60482210399));
#1879 = LINE('',#1880,#1881);
#1880 = CARTESIAN_POINT('',(31.,-3.5,-14.60482210399));
#1881 = VECTOR('',#1882,1.);
#1882 = DIRECTION('',(1.,0.,0.));
#1883 = ORIENTED_EDGE('',*,*,#1884,.T.);
#1884 = EDGE_CURVE('',#1877,#1885,#1887,.T.);
#1885 = VERTEX_POINT('',#1886);
#1886 = CARTESIAN_POINT('',(31.,-2.,-14.68261700213));
#1887 = CIRCLE('',#1888,14.5);
#1888 = AXIS2_PLACEMENT_3D('',#1889,#1890,#1891);
#1889 = CARTESIAN_POINT('',(31.,-2.,-0.182617002139));
#1890 = DIRECTION('',(1.,0.,-0.));
#1891 = DIRECTION('',(0.,0.,1.));
#1892 = ORIENTED_EDGE('',*,*,#1893,.T.);
#1893 = EDGE_CURVE('',#1885,#1844,#1894,.T.);
#1894 = LINE('',#1895,#1896);
#1895 = CARTESIAN_POINT('',(31.,-2.,-14.68261700213));
#1896 = VECTOR('',#1897,1.);
#1897 = DIRECTION('',(1.,0.,0.));
#1898 = ORIENTED_EDGE('',*,*,#1843,.F.);
#1899 = CYLINDRICAL_SURFACE('',#1900,14.5);
#1900 = AXIS2_PLACEMENT_3D('',#1901,#1902,#1903);
#1901 = CARTESIAN_POINT('',(31.,-2.,-0.182617002139));
#1902 = DIRECTION('',(1.,0.,0.));
#1903 = DIRECTION('',(0.,0.,1.));
#1904 = ADVANCED_FACE('',(#1905),#1933,.F.);
#1905 = FACE_BOUND('',#1906,.F.);
#1906 = EDGE_LOOP('',(#1907,#1916,#1925,#1932));
#1907 = ORIENTED_EDGE('',*,*,#1908,.T.);
#1908 = EDGE_CURVE('',#1877,#1909,#1911,.T.);
#1909 = VERTEX_POINT('',#1910);
#1910 = CARTESIAN_POINT('',(25.,-3.5,-13.29749405074));
#1911 = CIRCLE('',#1912,14.422205101856);
#1912 = AXIS2_PLACEMENT_3D('',#1913,#1914,#1915);
#1913 = CARTESIAN_POINT('',(31.,-3.5,-0.182617002139));
#1914 = DIRECTION('',(0.,1.,0.));
#1915 = DIRECTION('',(0.,0.,1.));
#1916 = ORIENTED_EDGE('',*,*,#1917,.T.);
#1917 = EDGE_CURVE('',#1909,#1918,#1920,.T.);
#1918 = VERTEX_POINT('',#1919);
#1919 = CARTESIAN_POINT('',(25.,-2.,-13.38299578458));
#1920 = CIRCLE('',#1921,13.200378782444);
#1921 = AXIS2_PLACEMENT_3D('',#1922,#1923,#1924);
#1922 = CARTESIAN_POINT('',(25.,-2.,-0.182617002139));
#1923 = DIRECTION('',(1.,0.,-0.));
#1924 = DIRECTION('',(0.,0.,1.));
#1925 = ORIENTED_EDGE('',*,*,#1926,.F.);
#1926 = EDGE_CURVE('',#1885,#1918,#1927,.T.);
#1927 = CIRCLE('',#1928,14.5);
#1928 = AXIS2_PLACEMENT_3D('',#1929,#1930,#1931);
#1929 = CARTESIAN_POINT('',(31.,-2.,-0.182617002139));
#1930 = DIRECTION('',(0.,1.,0.));
#1931 = DIRECTION('',(0.,0.,1.));
#1932 = ORIENTED_EDGE('',*,*,#1884,.F.);
#1933 = SPHERICAL_SURFACE('',#1934,14.5);
#1934 = AXIS2_PLACEMENT_3D('',#1935,#1936,#1937);
#1935 = CARTESIAN_POINT('',(31.,-2.,-0.182617002139));
#1936 = DIRECTION('',(0.,0.,1.));
#1937 = DIRECTION('',(1.,0.,0.));
#1938 = ADVANCED_FACE('',(#1939),#1972,.T.);
#1939 = FACE_BOUND('',#1940,.T.);
#1940 = EDGE_LOOP('',(#1941,#1942,#1951,#1959,#1965,#1966));
#1941 = ORIENTED_EDGE('',*,*,#1809,.F.);
#1942 = ORIENTED_EDGE('',*,*,#1943,.T.);
#1943 = EDGE_CURVE('',#1801,#1944,#1946,.T.);
#1944 = VERTEX_POINT('',#1945);
#1945 = CARTESIAN_POINT('',(25.,-7.392580744913,-14.));
#1946 = CIRCLE('',#1947,14.832396974191);
#1947 = AXIS2_PLACEMENT_3D('',#1948,#1949,#1950);
#1948 = CARTESIAN_POINT('',(25.,-2.,-0.182617002139));
#1949 = DIRECTION('',(1.,0.,-0.));
#1950 = DIRECTION('',(0.,0.,1.));
#1951 = ORIENTED_EDGE('',*,*,#1952,.T.);
#1952 = EDGE_CURVE('',#1944,#1953,#1955,.T.);
#1953 = VERTEX_POINT('',#1954);
#1954 = CARTESIAN_POINT('',(25.,-3.5,-14.));
#1955 = LINE('',#1956,#1957);
#1956 = CARTESIAN_POINT('',(25.,-42.,-14.));
#1957 = VECTOR('',#1958,1.);
#1958 = DIRECTION('',(0.,1.,0.));
#1959 = ORIENTED_EDGE('',*,*,#1960,.T.);
#1960 = EDGE_CURVE('',#1953,#1909,#1961,.T.);
#1961 = LINE('',#1962,#1963);
#1962 = CARTESIAN_POINT('',(25.,-3.5,-37.));
#1963 = VECTOR('',#1964,1.);
#1964 = DIRECTION('',(0.,0.,1.));
#1965 = ORIENTED_EDGE('',*,*,#1917,.T.);
#1966 = ORIENTED_EDGE('',*,*,#1967,.T.);
#1967 = EDGE_CURVE('',#1918,#1810,#1968,.T.);
#1968 = LINE('',#1969,#1970);
#1969 = CARTESIAN_POINT('',(25.,-2.,-14.));
#1970 = VECTOR('',#1971,1.);
#1971 = DIRECTION('',(0.,0.,1.));
#1972 = PLANE('',#1973);
#1973 = AXIS2_PLACEMENT_3D('',#1974,#1975,#1976);
#1974 = CARTESIAN_POINT('',(25.,-42.,-14.));
#1975 = DIRECTION('',(1.,0.,0.));
#1976 = DIRECTION('',(0.,0.,1.));
#1977 = ADVANCED_FACE('',(#1978),#2012,.T.);
#1978 = FACE_BOUND('',#1979,.T.);
#1979 = EDGE_LOOP('',(#1980,#1990,#1999,#2005,#2006));
#1980 = ORIENTED_EDGE('',*,*,#1981,.F.);
#1981 = EDGE_CURVE('',#1982,#1984,#1986,.T.);
#1982 = VERTEX_POINT('',#1983);
#1983 = CARTESIAN_POINT('',(75.,-14.60509908984,-8.));
#1984 = VERTEX_POINT('',#1985);
#1985 = CARTESIAN_POINT('',(75.,-2.,-8.));
#1986 = LINE('',#1987,#1988);
#1987 = CARTESIAN_POINT('',(75.,-42.,-8.));
#1988 = VECTOR('',#1989,1.);
#1989 = DIRECTION('',(0.,1.,0.));
#1990 = ORIENTED_EDGE('',*,*,#1991,.T.);
#1991 = EDGE_CURVE('',#1982,#1992,#1994,.T.);
#1992 = VERTEX_POINT('',#1993);
#1993 = CARTESIAN_POINT('',(82.879428052508,-3.5,-8.));
#1994 = CIRCLE('',#1995,13.96024795857);
#1995 = AXIS2_PLACEMENT_3D('',#1996,#1997,#1998);
#1996 = CARTESIAN_POINT('',(69.,-2.,-8.));
#1997 = DIRECTION('',(0.,0.,1.));
#1998 = DIRECTION('',(1.,0.,0.));
#1999 = ORIENTED_EDGE('',*,*,#2000,.T.);
#2000 = EDGE_CURVE('',#1992,#1741,#2001,.T.);
#2001 = LINE('',#2002,#2003);
#2002 = CARTESIAN_POINT('',(39.,-3.5,-8.));
#2003 = VECTOR('',#2004,1.);
#2004 = DIRECTION('',(-1.,0.,0.));
#2005 = ORIENTED_EDGE('',*,*,#1749,.T.);
#2006 = ORIENTED_EDGE('',*,*,#2007,.F.);
#2007 = EDGE_CURVE('',#1984,#1750,#2008,.T.);
#2008 = LINE('',#2009,#2010);
#2009 = CARTESIAN_POINT('',(75.,-2.,-8.));
#2010 = VECTOR('',#2011,1.);
#2011 = DIRECTION('',(1.,0.,0.));
#2012 = PLANE('',#2013);
#2013 = AXIS2_PLACEMENT_3D('',#2014,#2015,#2016);
#2014 = CARTESIAN_POINT('',(75.,-42.,-8.));
#2015 = DIRECTION('',(0.,0.,1.));
#2016 = DIRECTION('',(1.,0.,0.));
#2017 = ADVANCED_FACE('',(#2018),#2051,.F.);
#2018 = FACE_BOUND('',#2019,.F.);
#2019 = EDGE_LOOP('',(#2020,#2021,#2030,#2038,#2044,#2045));
#2020 = ORIENTED_EDGE('',*,*,#1981,.F.);
#2021 = ORIENTED_EDGE('',*,*,#2022,.T.);
#2022 = EDGE_CURVE('',#1982,#2023,#2025,.T.);
#2023 = VERTEX_POINT('',#2024);
#2024 = CARTESIAN_POINT('',(75.,-7.392580744913,-14.));
#2025 = CIRCLE('',#2026,14.832396974191);
#2026 = AXIS2_PLACEMENT_3D('',#2027,#2028,#2029);
#2027 = CARTESIAN_POINT('',(75.,-2.,-0.182617002139));
#2028 = DIRECTION('',(1.,0.,-0.));
#2029 = DIRECTION('',(0.,0.,1.));
#2030 = ORIENTED_EDGE('',*,*,#2031,.T.);
#2031 = EDGE_CURVE('',#2023,#2032,#2034,.T.);
#2032 = VERTEX_POINT('',#2033);
#2033 = CARTESIAN_POINT('',(75.,-3.5,-14.));
#2034 = LINE('',#2035,#2036);
#2035 = CARTESIAN_POINT('',(75.,-42.,-14.));
#2036 = VECTOR('',#2037,1.);
#2037 = DIRECTION('',(0.,1.,0.));
#2038 = ORIENTED_EDGE('',*,*,#2039,.T.);
#2039 = EDGE_CURVE('',#2032,#1833,#2040,.T.);
#2040 = LINE('',#2041,#2042);
#2041 = CARTESIAN_POINT('',(75.,-3.5,-37.));
#2042 = VECTOR('',#2043,1.);
#2043 = DIRECTION('',(0.,0.,1.));
#2044 = ORIENTED_EDGE('',*,*,#1861,.T.);
#2045 = ORIENTED_EDGE('',*,*,#2046,.T.);
#2046 = EDGE_CURVE('',#1853,#1984,#2047,.T.);
#2047 = LINE('',#2048,#2049);
#2048 = CARTESIAN_POINT('',(75.,-2.,-14.));
#2049 = VECTOR('',#2050,1.);
#2050 = DIRECTION('',(0.,0.,1.));
#2051 = PLANE('',#2052);
#2052 = AXIS2_PLACEMENT_3D('',#2053,#2054,#2055);
#2053 = CARTESIAN_POINT('',(75.,-42.,-14.));
#2054 = DIRECTION('',(1.,0.,0.));
#2055 = DIRECTION('',(0.,0.,1.));
#2056 = ADVANCED_FACE('',(#2057),#2104,.F.);
#2057 = FACE_BOUND('',#2058,.F.);
#2058 = EDGE_LOOP('',(#2059,#2060,#2061,#2069,#2078,#2086,#2095,#2101,
    #2102,#2103));
#2059 = ORIENTED_EDGE('',*,*,#1832,.F.);
#2060 = ORIENTED_EDGE('',*,*,#2039,.F.);
#2061 = ORIENTED_EDGE('',*,*,#2062,.F.);
#2062 = EDGE_CURVE('',#2063,#2032,#2065,.T.);
#2063 = VERTEX_POINT('',#2064);
#2064 = CARTESIAN_POINT('',(76.926533106625,-3.5,-14.));
#2065 = LINE('',#2066,#2067);
#2066 = CARTESIAN_POINT('',(39.,-3.5,-14.));
#2067 = VECTOR('',#2068,1.);
#2068 = DIRECTION('',(-1.,0.,0.));
#2069 = ORIENTED_EDGE('',*,*,#2070,.T.);
#2070 = EDGE_CURVE('',#2063,#2071,#2073,.T.);
#2071 = VERTEX_POINT('',#2072);
#2072 = CARTESIAN_POINT('',(69.,-3.5,-16.11214932421));
#2073 = CIRCLE('',#2074,15.929532322074);
#2074 = AXIS2_PLACEMENT_3D('',#2075,#2076,#2077);
#2075 = CARTESIAN_POINT('',(69.,-3.5,-0.182617002139));
#2076 = DIRECTION('',(0.,1.,0.));
#2077 = DIRECTION('',(0.,0.,1.));
#2078 = ORIENTED_EDGE('',*,*,#2079,.F.);
#2079 = EDGE_CURVE('',#2080,#2071,#2082,.T.);
#2080 = VERTEX_POINT('',#2081);
#2081 = CARTESIAN_POINT('',(31.,-3.5,-16.11214932421));
#2082 = LINE('',#2083,#2084);
#2083 = CARTESIAN_POINT('',(31.,-3.5,-16.11214932421));
#2084 = VECTOR('',#2085,1.);
#2085 = DIRECTION('',(1.,0.,0.));
#2086 = ORIENTED_EDGE('',*,*,#2087,.T.);
#2087 = EDGE_CURVE('',#2080,#2088,#2090,.T.);
#2088 = VERTEX_POINT('',#2089);
#2089 = CARTESIAN_POINT('',(23.073466893375,-3.5,-14.));
#2090 = CIRCLE('',#2091,15.929532322074);
#2091 = AXIS2_PLACEMENT_3D('',#2092,#2093,#2094);
#2092 = CARTESIAN_POINT('',(31.,-3.5,-0.182617002139));
#2093 = DIRECTION('',(0.,1.,0.));
#2094 = DIRECTION('',(0.,0.,1.));
#2095 = ORIENTED_EDGE('',*,*,#2096,.F.);
#2096 = EDGE_CURVE('',#1953,#2088,#2097,.T.);
#2097 = LINE('',#2098,#2099);
#2098 = CARTESIAN_POINT('',(9.,-3.5,-14.));
#2099 = VECTOR('',#2100,1.);
#2100 = DIRECTION('',(-1.,0.,0.));
#2101 = ORIENTED_EDGE('',*,*,#1960,.T.);
#2102 = ORIENTED_EDGE('',*,*,#1908,.F.);
#2103 = ORIENTED_EDGE('',*,*,#1876,.T.);
#2104 = PLANE('',#2105);
#2105 = AXIS2_PLACEMENT_3D('',#2106,#2107,#2108);
#2106 = CARTESIAN_POINT('',(3.,-3.5,-60.));
#2107 = DIRECTION('',(0.,1.,0.));
#2108 = DIRECTION('',(0.,0.,1.));
#2109 = ADVANCED_FACE('',(#2110),#2155,.F.);
#2110 = FACE_BOUND('',#2111,.F.);
#2111 = EDGE_LOOP('',(#2112,#2123,#2129,#2130,#2131,#2132,#2140,#2149));
#2112 = ORIENTED_EDGE('',*,*,#2113,.T.);
#2113 = EDGE_CURVE('',#2114,#2116,#2118,.T.);
#2114 = VERTEX_POINT('',#2115);
#2115 = CARTESIAN_POINT('',(69.,-17.73921392381,-3.059619793282));
#2116 = VERTEX_POINT('',#2117);
#2117 = CARTESIAN_POINT('',(84.845790574,-3.5,-1.813849997427));
#2118 = CIRCLE('',#2119,15.93006877819);
#2119 = AXIS2_PLACEMENT_3D('',#2120,#2121,#2122);
#2120 = CARTESIAN_POINT('',(69.,-1.86976386675,-1.671222816898));
#2121 = DIRECTION('',(0.,-8.715574274766E-02,0.996194698092));
#2122 = DIRECTION('',(0.,-0.996194698092,-8.715574274766E-02));
#2123 = ORIENTED_EDGE('',*,*,#2124,.F.);
#2124 = EDGE_CURVE('',#1739,#2116,#2125,.T.);
#2125 = LINE('',#2126,#2127);
#2126 = CARTESIAN_POINT('',(-7.,-3.5,-1.813849997427));
#2127 = VECTOR('',#2128,1.);
#2128 = DIRECTION('',(1.,0.,0.));
#2129 = ORIENTED_EDGE('',*,*,#1777,.F.);
#2130 = ORIENTED_EDGE('',*,*,#1715,.F.);
#2131 = ORIENTED_EDGE('',*,*,#1698,.F.);
#2132 = ORIENTED_EDGE('',*,*,#2133,.F.);
#2133 = EDGE_CURVE('',#2134,#1690,#2136,.T.);
#2134 = VERTEX_POINT('',#2135);
#2135 = CARTESIAN_POINT('',(15.154209426,-3.5,-1.813849997427));
#2136 = LINE('',#2137,#2138);
#2137 = CARTESIAN_POINT('',(-7.,-3.5,-1.813849997427));
#2138 = VECTOR('',#2139,1.);
#2139 = DIRECTION('',(1.,0.,0.));
#2140 = ORIENTED_EDGE('',*,*,#2141,.T.);
#2141 = EDGE_CURVE('',#2134,#2142,#2144,.T.);
#2142 = VERTEX_POINT('',#2143);
#2143 = CARTESIAN_POINT('',(31.,-17.73921392381,-3.059619793282));
#2144 = CIRCLE('',#2145,15.93006877819);
#2145 = AXIS2_PLACEMENT_3D('',#2146,#2147,#2148);
#2146 = CARTESIAN_POINT('',(31.,-1.86976386675,-1.671222816898));
#2147 = DIRECTION('',(0.,-8.715574274766E-02,0.996194698092));
#2148 = DIRECTION('',(0.,-0.996194698092,-8.715574274766E-02));
#2149 = ORIENTED_EDGE('',*,*,#2150,.T.);
#2150 = EDGE_CURVE('',#2142,#2114,#2151,.T.);
#2151 = LINE('',#2152,#2153);
#2152 = CARTESIAN_POINT('',(31.,-17.73921392381,-3.059619793282));
#2153 = VECTOR('',#2154,1.);
#2154 = DIRECTION('',(1.,0.,0.));
#2155 = PLANE('',#2156);
#2156 = AXIS2_PLACEMENT_3D('',#2157,#2158,#2159);
#2157 = CARTESIAN_POINT('',(-17.,-80.,-8.506732757161));
#2158 = DIRECTION('',(0.,-8.715574274766E-02,0.996194698092));
#2159 = DIRECTION('',(0.,0.996194698092,8.715574274766E-02));
#2160 = ADVANCED_FACE('',(#2161),#2173,.F.);
#2161 = FACE_BOUND('',#2162,.F.);
#2162 = EDGE_LOOP('',(#2163,#2164,#2165,#2172));
#2163 = ORIENTED_EDGE('',*,*,#1689,.F.);
#2164 = ORIENTED_EDGE('',*,*,#1792,.T.);
#2165 = ORIENTED_EDGE('',*,*,#2166,.T.);
#2166 = EDGE_CURVE('',#1793,#2134,#2167,.T.);
#2167 = CIRCLE('',#2168,15.929532322074);
#2168 = AXIS2_PLACEMENT_3D('',#2169,#2170,#2171);
#2169 = CARTESIAN_POINT('',(31.,-3.5,-0.182617002139));
#2170 = DIRECTION('',(0.,1.,0.));
#2171 = DIRECTION('',(0.,0.,1.));
#2172 = ORIENTED_EDGE('',*,*,#2133,.T.);
#2173 = PLANE('',#2174);
#2174 = AXIS2_PLACEMENT_3D('',#2175,#2176,#2177);
#2175 = CARTESIAN_POINT('',(3.,-3.5,-60.));
#2176 = DIRECTION('',(0.,1.,0.));
#2177 = DIRECTION('',(0.,0.,1.));
#2178 = ADVANCED_FACE('',(#2179),#2191,.F.);
#2179 = FACE_BOUND('',#2180,.F.);
#2180 = EDGE_LOOP('',(#2181,#2182,#2183,#2190));
#2181 = ORIENTED_EDGE('',*,*,#1738,.F.);
#2182 = ORIENTED_EDGE('',*,*,#2124,.T.);
#2183 = ORIENTED_EDGE('',*,*,#2184,.T.);
#2184 = EDGE_CURVE('',#2116,#1992,#2185,.T.);
#2185 = CIRCLE('',#2186,15.929532322074);
#2186 = AXIS2_PLACEMENT_3D('',#2187,#2188,#2189);
#2187 = CARTESIAN_POINT('',(69.,-3.5,-0.182617002139));
#2188 = DIRECTION('',(0.,1.,0.));
#2189 = DIRECTION('',(0.,0.,1.));
#2190 = ORIENTED_EDGE('',*,*,#2000,.T.);
#2191 = PLANE('',#2192);
#2192 = AXIS2_PLACEMENT_3D('',#2193,#2194,#2195);
#2193 = CARTESIAN_POINT('',(3.,-3.5,-60.));
#2194 = DIRECTION('',(0.,1.,0.));
#2195 = DIRECTION('',(0.,0.,1.));
#2196 = ADVANCED_FACE('',(#2197),#2208,.F.);
#2197 = FACE_BOUND('',#2198,.F.);
#2198 = EDGE_LOOP('',(#2199,#2200,#2207));
#2199 = ORIENTED_EDGE('',*,*,#2096,.T.);
#2200 = ORIENTED_EDGE('',*,*,#2201,.T.);
#2201 = EDGE_CURVE('',#2088,#1944,#2202,.T.);
#2202 = CIRCLE('',#2203,8.067213093157);
#2203 = AXIS2_PLACEMENT_3D('',#2204,#2205,#2206);
#2204 = CARTESIAN_POINT('',(31.,-2.,-14.));
#2205 = DIRECTION('',(0.,0.,1.));
#2206 = DIRECTION('',(1.,0.,0.));
#2207 = ORIENTED_EDGE('',*,*,#1952,.T.);
#2208 = PLANE('',#2209);
#2209 = AXIS2_PLACEMENT_3D('',#2210,#2211,#2212);
#2210 = CARTESIAN_POINT('',(15.,-42.,-14.));
#2211 = DIRECTION('',(0.,0.,1.));
#2212 = DIRECTION('',(1.,0.,0.));
#2213 = ADVANCED_FACE('',(#2214),#2229,.F.);
#2214 = FACE_BOUND('',#2215,.F.);
#2215 = EDGE_LOOP('',(#2216,#2223,#2224,#2225,#2226,#2227,#2228));
#2216 = ORIENTED_EDGE('',*,*,#2217,.F.);
#2217 = EDGE_CURVE('',#2142,#2080,#2218,.T.);
#2218 = CIRCLE('',#2219,16.);
#2219 = AXIS2_PLACEMENT_3D('',#2220,#2221,#2222);
#2220 = CARTESIAN_POINT('',(31.,-2.,-0.182617002139));
#2221 = DIRECTION('',(1.,0.,-0.));
#2222 = DIRECTION('',(0.,0.,1.));
#2223 = ORIENTED_EDGE('',*,*,#2141,.F.);
#2224 = ORIENTED_EDGE('',*,*,#2166,.F.);
#2225 = ORIENTED_EDGE('',*,*,#1800,.T.);
#2226 = ORIENTED_EDGE('',*,*,#1943,.T.);
#2227 = ORIENTED_EDGE('',*,*,#2201,.F.);
#2228 = ORIENTED_EDGE('',*,*,#2087,.F.);
#2229 = SPHERICAL_SURFACE('',#2230,16.);
#2230 = AXIS2_PLACEMENT_3D('',#2231,#2232,#2233);
#2231 = CARTESIAN_POINT('',(31.,-2.,-0.182617002139));
#2232 = DIRECTION('',(0.,0.,1.));
#2233 = DIRECTION('',(1.,0.,0.));
#2234 = ADVANCED_FACE('',(#2235),#2256,.F.);
#2235 = FACE_BOUND('',#2236,.F.);
#2236 = EDGE_LOOP('',(#2237,#2244,#2245,#2252,#2253,#2254,#2255));
#2237 = ORIENTED_EDGE('',*,*,#2238,.T.);
#2238 = EDGE_CURVE('',#2114,#2071,#2239,.T.);
#2239 = CIRCLE('',#2240,16.);
#2240 = AXIS2_PLACEMENT_3D('',#2241,#2242,#2243);
#2241 = CARTESIAN_POINT('',(69.,-2.,-0.182617002139));
#2242 = DIRECTION('',(1.,0.,-0.));
#2243 = DIRECTION('',(0.,0.,1.));
#2244 = ORIENTED_EDGE('',*,*,#2070,.F.);
#2245 = ORIENTED_EDGE('',*,*,#2246,.F.);
#2246 = EDGE_CURVE('',#2023,#2063,#2247,.T.);
#2247 = CIRCLE('',#2248,8.067213093157);
#2248 = AXIS2_PLACEMENT_3D('',#2249,#2250,#2251);
#2249 = CARTESIAN_POINT('',(69.,-2.,-14.));
#2250 = DIRECTION('',(0.,0.,1.));
#2251 = DIRECTION('',(1.,0.,0.));
#2252 = ORIENTED_EDGE('',*,*,#2022,.F.);
#2253 = ORIENTED_EDGE('',*,*,#1991,.T.);
#2254 = ORIENTED_EDGE('',*,*,#2184,.F.);
#2255 = ORIENTED_EDGE('',*,*,#2113,.F.);
#2256 = SPHERICAL_SURFACE('',#2257,16.);
#2257 = AXIS2_PLACEMENT_3D('',#2258,#2259,#2260);
#2258 = CARTESIAN_POINT('',(69.,-2.,-0.182617002139));
#2259 = DIRECTION('',(0.,0.,1.));
#2260 = DIRECTION('',(1.,0.,0.));
#2261 = ADVANCED_FACE('',(#2262),#2267,.F.);
#2262 = FACE_BOUND('',#2263,.F.);
#2263 = EDGE_LOOP('',(#2264,#2265,#2266));
#2264 = ORIENTED_EDGE('',*,*,#2031,.F.);
#2265 = ORIENTED_EDGE('',*,*,#2246,.T.);
#2266 = ORIENTED_EDGE('',*,*,#2062,.T.);
#2267 = PLANE('',#2268);
#2268 = AXIS2_PLACEMENT_3D('',#2269,#2270,#2271);
#2269 = CARTESIAN_POINT('',(75.,-42.,-14.));
#2270 = DIRECTION('',(0.,0.,1.));
#2271 = DIRECTION('',(1.,0.,0.));
#2272 = ADVANCED_FACE('',(#2273),#2279,.F.);
#2273 = FACE_BOUND('',#2274,.F.);
#2274 = EDGE_LOOP('',(#2275,#2276,#2277,#2278));
#2275 = ORIENTED_EDGE('',*,*,#2150,.F.);
#2276 = ORIENTED_EDGE('',*,*,#2217,.T.);
#2277 = ORIENTED_EDGE('',*,*,#2079,.T.);
#2278 = ORIENTED_EDGE('',*,*,#2238,.F.);
#2279 = CYLINDRICAL_SURFACE('',#2280,16.);
#2280 = AXIS2_PLACEMENT_3D('',#2281,#2282,#2283);
#2281 = CARTESIAN_POINT('',(31.,-2.,-0.182617002139));
#2282 = DIRECTION('',(1.,0.,0.));
#2283 = DIRECTION('',(0.,0.,1.));
#2284 = ADVANCED_FACE('',(#2285),#2296,.T.);
#2285 = FACE_BOUND('',#2286,.T.);
#2286 = EDGE_LOOP('',(#2287,#2288,#2289,#2290,#2291,#2292,#2293,#2294,
    #2295));
#2287 = ORIENTED_EDGE('',*,*,#1187,.F.);
#2288 = ORIENTED_EDGE('',*,*,#1178,.F.);
#2289 = ORIENTED_EDGE('',*,*,#1247,.F.);
#2290 = ORIENTED_EDGE('',*,*,#1410,.F.);
#2291 = ORIENTED_EDGE('',*,*,#540,.T.);
#2292 = ORIENTED_EDGE('',*,*,#549,.T.);
#2293 = ORIENTED_EDGE('',*,*,#558,.T.);
#2294 = ORIENTED_EDGE('',*,*,#567,.T.);
#2295 = ORIENTED_EDGE('',*,*,#1560,.T.);
#2296 = PLANE('',#2297);
#2297 = AXIS2_PLACEMENT_3D('',#2298,#2299,#2300);
#2298 = CARTESIAN_POINT('',(85.238683026804,-2.,-5.115632428853));
#2299 = DIRECTION('',(5.46915928243E-16,1.,0.));
#2300 = DIRECTION('',(1.,-5.46915928243E-16,0.));
#2301 = ADVANCED_FACE('',(#2302),#2313,.T.);
#2302 = FACE_BOUND('',#2303,.T.);
#2303 = EDGE_LOOP('',(#2304,#2305,#2306,#2307,#2308,#2309,#2310,#2311,
    #2312));
#2304 = ORIENTED_EDGE('',*,*,#394,.F.);
#2305 = ORIENTED_EDGE('',*,*,#403,.F.);
#2306 = ORIENTED_EDGE('',*,*,#1064,.F.);
#2307 = ORIENTED_EDGE('',*,*,#180,.T.);
#2308 = ORIENTED_EDGE('',*,*,#59,.T.);
#2309 = ORIENTED_EDGE('',*,*,#50,.T.);
#2310 = ORIENTED_EDGE('',*,*,#1544,.T.);
#2311 = ORIENTED_EDGE('',*,*,#376,.F.);
#2312 = ORIENTED_EDGE('',*,*,#385,.F.);
#2313 = PLANE('',#2314);
#2314 = AXIS2_PLACEMENT_3D('',#2315,#2316,#2317);
#2315 = CARTESIAN_POINT('',(14.761316973196,-2.,-5.115632428853));
#2316 = DIRECTION('',(0.,1.,0.));
#2317 = DIRECTION('',(0.,0.,1.));
#2318 = ADVANCED_FACE('',(#2319),#2338,.T.);
#2319 = FACE_BOUND('',#2320,.T.);
#2320 = EDGE_LOOP('',(#2321,#2327,#2328,#2329,#2330,#2331,#2332,#2333,
    #2334,#2335,#2336,#2337));
#2321 = ORIENTED_EDGE('',*,*,#2322,.F.);
#2322 = EDGE_CURVE('',#214,#1331,#2323,.T.);
#2323 = LINE('',#2324,#2325);
#2324 = CARTESIAN_POINT('',(31.,-2.,-18.18261700213));
#2325 = VECTOR('',#2326,1.);
#2326 = DIRECTION('',(1.,0.,0.));
#2327 = ORIENTED_EDGE('',*,*,#224,.T.);
#2328 = ORIENTED_EDGE('',*,*,#198,.T.);
#2329 = ORIENTED_EDGE('',*,*,#284,.T.);
#2330 = ORIENTED_EDGE('',*,*,#419,.F.);
#2331 = ORIENTED_EDGE('',*,*,#428,.F.);
#2332 = ORIENTED_EDGE('',*,*,#721,.T.);
#2333 = ORIENTED_EDGE('',*,*,#513,.T.);
#2334 = ORIENTED_EDGE('',*,*,#522,.T.);
#2335 = ORIENTED_EDGE('',*,*,#1094,.T.);
#2336 = ORIENTED_EDGE('',*,*,#1231,.F.);
#2337 = ORIENTED_EDGE('',*,*,#1339,.F.);
#2338 = PLANE('',#2339);
#2339 = AXIS2_PLACEMENT_3D('',#2340,#2341,#2342);
#2340 = CARTESIAN_POINT('',(50.,-2.,-16.60835968187));
#2341 = DIRECTION('',(0.,1.,0.));
#2342 = DIRECTION('',(0.,0.,1.));
#2343 = ADVANCED_FACE('',(#2344),#2378,.T.);
#2344 = FACE_BOUND('',#2345,.T.);
#2345 = EDGE_LOOP('',(#2346,#2347,#2348,#2349,#2350,#2351,#2352,#2353,
    #2354,#2355,#2356,#2357,#2358,#2359,#2360,#2361,#2362,#2363,#2364,
    #2365,#2366,#2367,#2368,#2369,#2370,#2371,#2372,#2373,#2374,#2375,
    #2376,#2377));
#2346 = ORIENTED_EDGE('',*,*,#873,.T.);
#2347 = ORIENTED_EDGE('',*,*,#864,.T.);
#2348 = ORIENTED_EDGE('',*,*,#300,.T.);
#2349 = ORIENTED_EDGE('',*,*,#1493,.F.);
#2350 = ORIENTED_EDGE('',*,*,#1057,.F.);
#2351 = ORIENTED_EDGE('',*,*,#856,.T.);
#2352 = ORIENTED_EDGE('',*,*,#847,.T.);
#2353 = ORIENTED_EDGE('',*,*,#838,.T.);
#2354 = ORIENTED_EDGE('',*,*,#829,.T.);
#2355 = ORIENTED_EDGE('',*,*,#1578,.T.);
#2356 = ORIENTED_EDGE('',*,*,#1662,.F.);
#2357 = ORIENTED_EDGE('',*,*,#1671,.F.);
#2358 = ORIENTED_EDGE('',*,*,#1817,.T.);
#2359 = ORIENTED_EDGE('',*,*,#1967,.F.);
#2360 = ORIENTED_EDGE('',*,*,#1926,.F.);
#2361 = ORIENTED_EDGE('',*,*,#1893,.T.);
#2362 = ORIENTED_EDGE('',*,*,#1852,.T.);
#2363 = ORIENTED_EDGE('',*,*,#2046,.T.);
#2364 = ORIENTED_EDGE('',*,*,#2007,.T.);
#2365 = ORIENTED_EDGE('',*,*,#1758,.T.);
#2366 = ORIENTED_EDGE('',*,*,#1767,.T.);
#2367 = ORIENTED_EDGE('',*,*,#1593,.T.);
#2368 = ORIENTED_EDGE('',*,*,#977,.F.);
#2369 = ORIENTED_EDGE('',*,*,#968,.F.);
#2370 = ORIENTED_EDGE('',*,*,#959,.F.);
#2371 = ORIENTED_EDGE('',*,*,#950,.F.);
#2372 = ORIENTED_EDGE('',*,*,#1417,.F.);
#2373 = ORIENTED_EDGE('',*,*,#1527,.T.);
#2374 = ORIENTED_EDGE('',*,*,#1085,.T.);
#2375 = ORIENTED_EDGE('',*,*,#942,.F.);
#2376 = ORIENTED_EDGE('',*,*,#933,.F.);
#2377 = ORIENTED_EDGE('',*,*,#1024,.F.);
#2378 = PLANE('',#2379);
#2379 = AXIS2_PLACEMENT_3D('',#2380,#2381,#2382);
#2380 = CARTESIAN_POINT('',(50.,-2.,-11.64052934689));
#2381 = DIRECTION('',(0.,1.,0.));
#2382 = DIRECTION('',(0.,0.,1.));
#2383 = ADVANCED_FACE('',(#2384),#2394,.T.);
#2384 = FACE_BOUND('',#2385,.T.);
#2385 = EDGE_LOOP('',(#2386,#2387,#2388,#2389,#2390,#2391,#2392,#2393));
#2386 = ORIENTED_EDGE('',*,*,#213,.T.);
#2387 = ORIENTED_EDGE('',*,*,#2322,.T.);
#2388 = ORIENTED_EDGE('',*,*,#1330,.F.);
#2389 = ORIENTED_EDGE('',*,*,#1270,.F.);
#2390 = ORIENTED_EDGE('',*,*,#1140,.F.);
#2391 = ORIENTED_EDGE('',*,*,#1552,.F.);
#2392 = ORIENTED_EDGE('',*,*,#21,.T.);
#2393 = ORIENTED_EDGE('',*,*,#101,.T.);
#2394 = CYLINDRICAL_SURFACE('',#2395,18.);
#2395 = AXIS2_PLACEMENT_3D('',#2396,#2397,#2398);
#2396 = CARTESIAN_POINT('',(31.,-2.,-0.182617002139));
#2397 = DIRECTION('',(1.,0.,0.));
#2398 = DIRECTION('',(0.,0.,1.));
#2399 = ( GEOMETRIC_REPRESENTATION_CONTEXT(3) 
GLOBAL_UNCERTAINTY_ASSIGNED_CONTEXT((#2403)) 
GLOBAL_UNIT_ASSIGNED_CONTEXT((#2400,#2401,#2402)) REPRESENTATION_CONTEXT
('Context #1','3D Context with UNIT and UNCERTAINTY') );
#2400 = ( LENGTH_UNIT() NAMED_UNIT(*) SI_UNIT(.MILLI.,.METRE.) );
#2401 = ( NAMED_UNIT(*) PLANE_ANGLE_UNIT() SI_UNIT($,.RADIAN.) );
#2402 = ( NAMED_UNIT(*) SI_UNIT($,.STERADIAN.) SOLID_ANGLE_UNIT() );
#2403 = UNCERTAINTY_MEASURE_WITH_UNIT(LENGTH_MEASURE(1.E-07),#2400,
  'distance_accuracy_value','confusion accuracy');
#2404 = PRODUCT_RELATED_PRODUCT_CATEGORY('part',$,(#7));
ENDSEC;
END-ISO-10303-21;
